cluster,n,mesenchyme,condensation,chondrocyte,fibrous,osteogenic,proliferation,tendon,muscle,endothelial,immune,state
0,2938,0.076,0.068,0.203,0.205,0.09,0.154,0.081,0.099,0.052,0.022,committed_chondro
1,1490,0.275,0.124,0.176,0.33,0.107,0.344,0.226,0.197,0.155,0.057,mesenchyme_condensation
2,2666,0.161,0.068,0.148,0.236,0.066,0.205,0.096,0.129,0.075,0.029,mesenchyme_condensation
3,2296,0.045,0.049,0.147,0.121,0.096,0.087,0.045,0.059,0.037,0.014,committed_chondro
4,1060,0.065,0.186,0.733,0.237,0.55,0.206,0.246,0.152,0.101,0.031,committed_chondro
5,2195,0.136,0.079,0.345,0.48,0.115,0.234,0.178,0.149,0.101,0.037,fibrous_perichondrium
6,2567,0.212,0.093,0.154,0.273,0.074,0.266,0.135,0.203,0.118,0.043,mesenchyme_condensation
7,2696,0.085,0.072,0.188,0.203,0.072,0.152,0.076,0.087,0.059,0.027,fibrous_perichondrium
8,2333,0.087,0.172,0.325,0.174,0.213,0.253,0.156,0.144,0.091,0.03,committed_chondro
9,914,0.105,0.12,0.117,0.248,0.041,0.248,0.151,0.216,0.119,0.092,immune
10,2062,0.103,0.066,0.178,0.229,0.072,0.172,0.092,0.138,0.072,0.043,immune
11,1453,0.041,0.101,0.466,0.146,0.39,0.14,0.122,0.098,0.053,0.017,committed_chondro
12,1104,0.02,0.013,0.042,0.054,0.026,0.037,0.017,0.013,0.017,0.004,committed_chondro
13,1490,0.168,0.16,0.256,0.317,0.15,0.311,0.205,0.171,0.117,0.046,tendon
