state,gene,mean_in,mean_out,logFC,pct_in,pct_out,z,p,p_adj
committed_chondro,Col2a1,1.8749,0.6661,1.2088,0.5539,0.2916,62.6323,0.0,0.0
committed_chondro,Col9a3,0.6728,0.1507,0.5221,0.2714,0.08,44.5234,0.0,0.0
committed_chondro,Mia,0.4801,0.078,0.4021,0.1999,0.04,39.9986,0.0,0.0
committed_chondro,Col11a1,0.6954,0.2214,0.474,0.27,0.1218,38.1771,0.0,0.0
committed_chondro,Col9a1,0.9459,0.4058,0.5401,0.36,0.2063,37.8867,0.0,0.0
committed_chondro,Papss2,0.6088,0.1782,0.4306,0.2465,0.0886,37.2247,0.0,0.0
committed_chondro,Wwp2,0.842,0.3473,0.4947,0.3309,0.1748,36.5681,0.0,0.0
committed_chondro,Col9a2,0.4467,0.0995,0.3472,0.1967,0.0553,36.2678,0.0,0.0
committed_chondro,Hapln1,0.3811,0.0463,0.3348,0.1514,0.0264,36.2083,0.0,0.0
committed_chondro,Cthrc1,0.5414,0.1742,0.3672,0.2283,0.0938,33.8156,0.0,0.0
committed_chondro,Cpe,0.7272,0.3001,0.4271,0.285,0.1611,33.1628,0.0,0.0
committed_chondro,Cytl1,0.3093,0.035,0.2743,0.1246,0.019,32.669,0.0,0.0
committed_chondro,Mir675,3.3537,2.6968,0.6569,0.8131,0.8484,32.3976,0.0,0.0
committed_chondro,Col11a2,0.2774,0.0342,0.2432,0.122,0.0195,31.7195,0.0,0.0
committed_chondro,Sox9,0.9758,0.5152,0.4606,0.375,0.2404,31.2568,0.0,0.0
committed_chondro,Cnmd,0.2951,0.0513,0.2438,0.1224,0.0273,29.5457,0.0,0.0
committed_chondro,Rflna,0.3267,0.0913,0.2354,0.1474,0.0484,27.7094,0.0,0.0
committed_chondro,Matn1,0.1632,0.0095,0.1537,0.074,0.0056,26.4928,0.0,0.0
committed_chondro,Matn4,0.2317,0.0438,0.1879,0.1052,0.0232,26.4326,0.0,0.0
committed_chondro,H19,0.6257,0.3094,0.3163,0.2491,0.1666,25.7301,0.0,0.0
committed_chondro,Mgp,0.403,0.1497,0.2533,0.166,0.078,25.4413,0.0,0.0
committed_chondro,Acan,0.1554,0.017,0.1384,0.0748,0.0101,24.7511,0.0,0.0
committed_chondro,Fibin,0.5083,0.2481,0.2602,0.2156,0.1276,23.5314,0.0,0.0
committed_chondro,Nog,0.2206,0.0531,0.1675,0.0957,0.0289,23.2379,0.0,0.0
committed_chondro,Foxc1,0.5468,0.2879,0.2589,0.2347,0.1425,22.5478,0.0,0.0
committed_chondro,Col27a1,0.2675,0.1079,0.1596,0.126,0.0624,20.4427,0.0,0.0
committed_chondro,Itm2a,0.8729,0.5703,0.3026,0.3281,0.2655,20.3208,0.0,0.0
committed_chondro,Susd5,0.108,0.0129,0.095,0.0528,0.0076,20.1255,0.0,0.0
committed_chondro,Jdp2,0.1732,0.0493,0.1239,0.081,0.0289,19.9459,0.0,0.0
committed_chondro,Igf2,3.1696,2.7924,0.3772,0.8092,0.882,19.6896,0.0,0.0
fibrous_perichondrium,Col3a1,1.4447,0.7474,0.6972,0.5261,0.3313,30.9971,0.0,0.0
fibrous_perichondrium,Col1a1,1.362,0.6776,0.6843,0.4913,0.2947,30.2609,0.0,0.0
fibrous_perichondrium,Col1a2,1.77,1.1141,0.6559,0.6058,0.4601,27.569,0.0,0.0
fibrous_perichondrium,Eef1a1,3.7727,3.4959,0.2768,0.9894,0.9357,24.1537,0.0,0.0
fibrous_perichondrium,Kctd12,0.5751,0.2349,0.3402,0.2525,0.1158,21.8137,0.0,0.0
fibrous_perichondrium,Nfib,1.0102,0.59,0.4202,0.4091,0.2687,21.3179,0.0,0.0
fibrous_perichondrium,Gm26917,5.143,4.8516,0.2913,0.9973,0.9668,20.6507,0.0,0.0
fibrous_perichondrium,Marcks,2.1669,1.7464,0.4205,0.7555,0.6608,19.5634,0.0,0.0
fibrous_perichondrium,Gas1,1.0579,0.6935,0.3644,0.4455,0.3258,18.7937,0.0,0.0
fibrous_perichondrium,Col5a2,0.5558,0.2729,0.2829,0.2525,0.1414,18.7569,0.0,0.0
fibrous_perichondrium,Lgals1,1.6858,1.277,0.4089,0.6209,0.5296,18.4322,0.0,0.0
fibrous_perichondrium,Sparc,1.0819,0.7185,0.3633,0.4418,0.3187,18.1825,0.0,0.0
fibrous_perichondrium,Ogn,0.3699,0.1378,0.2321,0.1632,0.0652,17.6671,0.0,0.0
fibrous_perichondrium,Igfbp4,1.3998,1.0325,0.3672,0.5488,0.4585,17.3282,0.0,0.0
fibrous_perichondrium,Lox,0.2979,0.0979,0.2,0.1368,0.0487,17.2029,0.0,0.0
fibrous_perichondrium,Dkk2,0.2952,0.0974,0.1978,0.1315,0.0461,16.7702,0.0,0.0
fibrous_perichondrium,Hic1,0.2457,0.0753,0.1704,0.1225,0.0395,16.7658,0.0,0.0
fibrous_perichondrium,Crabp1,0.491,0.2432,0.2478,0.2145,0.1223,16.5924,0.0,0.0
fibrous_perichondrium,Fstl1,1.5325,1.1846,0.3478,0.5995,0.5181,16.5779,0.0,0.0
fibrous_perichondrium,Tpm1,0.8481,0.548,0.3001,0.3648,0.2671,16.5252,0.0,0.0
fibrous_perichondrium,Tmsb4x,1.4694,1.119,0.3504,0.5686,0.4745,16.2426,0.0,0.0
fibrous_perichondrium,Vim,1.6821,1.3295,0.3526,0.6087,0.5328,15.4037,0.0,0.0
fibrous_perichondrium,Dcn,0.211,0.0556,0.1555,0.0873,0.0262,14.7818,0.0,0.0
fibrous_perichondrium,Gm13456,2.8711,2.6468,0.2243,0.9299,0.876,14.3856,0.0,0.0
fibrous_perichondrium,Nfia,0.6198,0.3911,0.2286,0.2815,0.1931,14.3307,0.0,0.0
fibrous_perichondrium,Col5a1,0.4337,0.244,0.1897,0.2102,0.1309,14.2114,0.0,0.0
fibrous_perichondrium,Cxcl12,0.3316,0.1573,0.1742,0.1511,0.0784,14.0634,0.0,0.0
fibrous_perichondrium,Igf1,0.2742,0.112,0.1623,0.1217,0.0553,14.0381,0.0,0.0
fibrous_perichondrium,Nrep,1.3739,1.0883,0.2856,0.5582,0.4893,13.9828,0.0,0.0
fibrous_perichondrium,Egfl6,0.1368,0.0311,0.1057,0.0718,0.0159,13.9762,0.0,0.0
immune,Gm29216,3.6579,2.8182,0.8397,0.9909,0.884,48.3193,0.0,0.0
immune,Gm15710,2.9259,2.1552,0.7707,0.9667,0.7869,48.1121,0.0,0.0
immune,Rpl13,2.5216,1.7365,0.7851,0.9291,0.7001,44.0723,0.0,0.0
immune,Gm28437,3.4179,2.5329,0.885,0.9792,0.8318,42.3723,0.0,0.0
immune,Gm10076,3.1325,2.4647,0.6678,0.9694,0.8363,41.7419,0.0,0.0
immune,Gm2830,2.4054,1.6659,0.7394,0.9143,0.687,39.4099,0.0,0.0
immune,Gm8730,2.5478,1.7973,0.7505,0.9163,0.7082,39.2064,0.0,0.0
immune,Rpl31-ps8,2.2504,1.5199,0.7305,0.8854,0.6475,37.1138,0.0,0.0
immune,Gm14303,2.5677,1.8942,0.6735,0.9288,0.7398,36.8636,0.0,0.0
immune,AC117232.5,3.3074,2.7411,0.5663,0.9778,0.8669,36.6125,0.0,0.0
immune,Rpl28-ps3,2.0951,1.34,0.7551,0.8401,0.5868,36.296,0.0,0.0
immune,Rps13-ps2,2.0002,1.2781,0.7221,0.8374,0.5742,35.901,0.0,0.0
immune,Rps25,2.4221,1.758,0.6641,0.9036,0.7037,35.0633,0.0,0.0
immune,Rps25-ps1,1.7136,0.9944,0.7192,0.7661,0.4759,34.814,0.0,0.0
immune,Rpl9-ps6,1.9646,1.2646,0.6999,0.8296,0.5722,34.6079,0.0,0.0
immune,Rps23-ps2,1.804,1.0827,0.7213,0.7866,0.5047,34.395,0.0,0.0
immune,Tpt1-ps3,2.5612,1.9302,0.6309,0.9274,0.7497,34.0631,0.0,0.0
immune,Mir7067,2.0757,1.3784,0.6973,0.8384,0.6044,33.9846,0.0,0.0
immune,Rplp1,3.2492,2.6433,0.6059,0.9634,0.8487,33.9536,0.0,0.0
immune,Gm10073,2.0262,1.3213,0.705,0.8229,0.5868,33.9294,0.0,0.0
immune,Rps12-ps4,1.8623,1.1641,0.6982,0.7917,0.5327,33.1366,0.0,0.0
immune,Wdr89,2.203,1.5452,0.6578,0.8612,0.6515,32.5534,0.0,0.0
immune,Gm5244,1.667,0.9666,0.7004,0.7319,0.4593,32.0718,0.0,0.0
immune,Gm15427,2.0301,1.3691,0.661,0.8283,0.6034,31.9969,0.0,0.0
immune,Rps26,3.0171,2.503,0.5141,0.9654,0.8464,31.9624,0.0,0.0
immune,Rps20,2.9966,2.4725,0.5241,0.963,0.8358,31.8175,0.0,0.0
immune,Gm10180,1.5126,0.8469,0.6657,0.6976,0.4166,31.442,0.0,0.0
immune,Rpl32,3.0744,2.5348,0.5396,0.96,0.8389,31.2385,0.0,0.0
immune,Gm10288,1.816,1.1653,0.6508,0.7839,0.5357,31.1576,0.0,0.0
immune,Rps28,2.4433,1.8354,0.6079,0.9015,0.7177,31.1525,0.0,0.0
mesenchyme_condensation,Tuba1b,2.253,1.094,1.159,0.8684,0.4592,75.0231,0.0,0.0
mesenchyme_condensation,Ptma,2.5298,1.5721,0.9577,0.9429,0.6365,70.0654,0.0,0.0
mesenchyme_condensation,Ran,1.9064,0.8799,1.0265,0.8231,0.3996,69.4739,0.0,0.0
mesenchyme_condensation,Tubb5,2.5056,1.5246,0.9809,0.9084,0.5987,64.9896,0.0,0.0
mesenchyme_condensation,Hnrnpab,2.1221,1.1726,0.9495,0.8581,0.4989,62.7338,0.0,0.0
mesenchyme_condensation,Hmgb2,1.3808,0.4355,0.9454,0.6384,0.2091,62.0586,0.0,0.0
mesenchyme_condensation,Hnrnpa2b1,2.4717,1.5816,0.8901,0.9134,0.6134,59.4721,0.0,0.0
mesenchyme_condensation,Actb,3.8312,3.1717,0.6596,0.9964,0.8869,59.094,0.0,0.0
mesenchyme_condensation,Hmgn1,2.1115,1.3132,0.7983,0.8635,0.5478,53.1051,0.0,0.0
mesenchyme_condensation,Stmn1,1.307,0.5518,0.7552,0.6542,0.2703,52.533,0.0,0.0
mesenchyme_condensation,Snord14d,2.3002,1.5199,0.7803,0.889,0.6085,51.909,0.0,0.0
mesenchyme_condensation,Gm9800,2.0631,1.3098,0.7534,0.8621,0.5601,51.1819,0.0,0.0
mesenchyme_condensation,Ywhae,2.2975,1.5456,0.7519,0.8899,0.6072,49.8893,0.0,0.0
mesenchyme_condensation,Ranbp1,1.4091,0.6521,0.7571,0.6662,0.3056,49.7242,0.0,0.0
mesenchyme_condensation,Gm5559,2.1905,1.4544,0.7361,0.8768,0.5933,49.455,0.0,0.0
mesenchyme_condensation,Npm1,2.9813,2.313,0.6683,0.9658,0.7799,49.1317,0.0,0.0
mesenchyme_condensation,Marcksl1,1.7472,0.9976,0.7496,0.7787,0.4402,48.9885,0.0,0.0
mesenchyme_condensation,Nasp,1.302,0.5559,0.7461,0.6191,0.2644,48.9592,0.0,0.0
mesenchyme_condensation,Hsp90aa1,1.4517,0.7173,0.7344,0.689,0.337,48.8558,0.0,0.0
mesenchyme_condensation,Hist1h2ao,1.284,0.3504,0.9336,0.4782,0.1389,48.4388,0.0,0.0
mesenchyme_condensation,Srsf3,1.7849,1.043,0.7419,0.787,0.4555,47.775,0.0,0.0
mesenchyme_condensation,H2afz,1.0539,0.4027,0.6512,0.5606,0.2049,47.5809,0.0,0.0
mesenchyme_condensation,Pcna,1.1162,0.4111,0.7051,0.5463,0.2026,47.5776,0.0,0.0
mesenchyme_condensation,Hnrnpu,1.838,1.0944,0.7436,0.7852,0.4675,46.9684,0.0,0.0
mesenchyme_condensation,Gm4617,1.7336,1.0263,0.7073,0.7895,0.463,46.9399,0.0,0.0
mesenchyme_condensation,Ybx1,2.1479,1.449,0.6989,0.8682,0.5857,46.3755,0.0,0.0
mesenchyme_condensation,Gm23248,0.7357,0.1527,0.583,0.3905,0.0798,46.2968,0.0,0.0
mesenchyme_condensation,Srsf2,1.4086,0.7171,0.6915,0.6821,0.3384,46.2893,0.0,0.0
mesenchyme_condensation,H2afy,1.3549,0.6587,0.6963,0.6469,0.3071,45.4337,0.0,0.0
mesenchyme_condensation,Rrm2,0.739,0.1672,0.5718,0.3916,0.085,44.9486,0.0,0.0
tendon,Mdk,2.8156,2.0252,0.7904,0.9812,0.7253,39.4749,0.0,0.0
tendon,Actb,3.803,3.3072,0.4958,0.9987,0.909,34.1061,0.0,0.0
tendon,Nedd4,2.6659,2.025,0.6409,0.9805,0.7432,34.0907,0.0,0.0
tendon,Sox11,2.1194,1.2262,0.8931,0.8859,0.5043,33.7278,0.0,0.0
tendon,Hsp90ab1,2.9965,2.4315,0.565,0.9933,0.8058,32.8369,0.0,0.0
tendon,Malat1,2.5607,1.496,1.0647,0.8872,0.5507,30.9275,0.0,0.0
tendon,Marcks,2.4614,1.7849,0.6765,0.9557,0.6617,29.0792,0.0,0.0
tendon,Hnrnpa2b1,2.3843,1.7674,0.6169,0.9557,0.6718,28.83,0.0,0.0
tendon,Cfl1,2.2315,1.6124,0.6191,0.9436,0.6422,28.2864,0.0,0.0
tendon,Marcksl1,1.8166,1.1458,0.6708,0.8631,0.5041,27.7786,0.0,0.0
tendon,Vcan,1.5132,0.6526,0.8607,0.6893,0.2918,27.5895,0.0,0.0
tendon,Tubb5,2.3737,1.7314,0.6423,0.9403,0.6597,27.5046,0.0,0.0
tendon,Cbx5,1.3568,0.6568,0.7,0.7188,0.3172,27.116,0.0,0.0
tendon,Chd4,1.2715,0.5665,0.705,0.6718,0.2762,26.6787,0.0,0.0
tendon,Gm42418,5.9397,5.4769,0.4628,1.0,0.9847,26.5704,0.0,0.0
tendon,Cd24a,2.0429,1.3452,0.6976,0.8826,0.5405,26.5631,0.0,0.0
tendon,Grb10,1.9558,1.3155,0.6403,0.8839,0.5574,25.702,0.0,0.0
tendon,Sox4,1.4409,0.7301,0.7108,0.7168,0.3304,25.6214,0.0,0.0
tendon,Hnrnph1,1.5474,0.9139,0.6335,0.7987,0.4285,25.5176,0.0,0.0
tendon,Hnrnpab,1.9583,1.3749,0.5835,0.9074,0.5689,25.3707,0.0,0.0
tendon,Hmgn1,2.0227,1.4804,0.5422,0.9309,0.608,25.0697,0.0,0.0
tendon,Hmga2,1.5935,0.7942,0.7992,0.6966,0.3338,24.9765,0.0,0.0
tendon,Hnrnpu,1.8596,1.2441,0.6155,0.8604,0.5277,24.6354,0.0,0.0
tendon,Ftl1,2.461,1.9855,0.4755,0.9725,0.7464,24.5228,0.0,0.0
tendon,Ssbp3,1.1927,0.5764,0.6162,0.6658,0.2875,24.5009,0.0,0.0
tendon,Ywhae,2.2372,1.7017,0.5354,0.9396,0.6617,24.3534,0.0,0.0
tendon,H2afv,1.4055,0.8027,0.6029,0.7503,0.3853,24.0227,0.0,0.0
tendon,H3f3b,2.3683,1.895,0.4733,0.9705,0.7286,23.9265,0.0,0.0
tendon,Cdk4,1.6967,1.1313,0.5654,0.8503,0.5087,23.9006,0.0,0.0
tendon,Asb4,1.0995,0.3864,0.7131,0.5289,0.178,23.7581,0.0,0.0
