ab,gsm,timepoint,selection,treatment,n_cells
AB4005,GSM5627543,E10.5,NA,None,384
AB4006,GSM5627544,E10.5,NA,None,384
AB4007,GSM5627545,E11.5,GFP+tomato+,Tamoxifen,384
AB4008,GSM5627546,E11.5,GFP-tomato+,Tamoxifen,384
AB4009,GSM5627547,E11.5,GFP-tomato-,Tamoxifen,384
AB4010,GSM5627548,E11.5,GFP+tomato-,Tamoxifen,384
AB4082,GSM5627549,E10.5,NA,None,384
AB4083,GSM5627550,E10.5,NA,None,384
AB4084,GSM5627551,E11.5,GFP+tomato+,Tamoxifen,384
AB4085,GSM5627552,E11.5,GFP+tomato-,Tamoxifen,384
AB4086,GSM5627553,E11.5,GFP-tomato+,Tamoxifen,384
AB4098,GSM5627554,E11.5,GFP-tomato-,Tamoxifen,384
AB4585,GSM5627555,E13.5,GFP-tomato-,Tamoxifen,384
AB4586,GSM5627556,E13.5,GFP+tomato-,Tamoxifen,384
AB4587,GSM5627557,E13.5,GFP-tomato+,Tamoxifen,384
AB4588,GSM5627558,E13.5,GFP+tomato+,Tamoxifen,384
AB4589,GSM5627559,E13.5,GFP-tomato-,Tamoxifen,384
AB4590,GSM5627560,E13.5,GFP+tomato-,Tamoxifen,384
AB4591,GSM5627561,E13.5,GFP-tomato+,Tamoxifen,384
AB4592,GSM5627562,E13.5,GFP+tomato+,Tamoxifen,384
AB5150,GSM5627563,E12.5,GFP-tomato-,Tamoxifen,384
AB5151,GSM5627564,E12.5,GFP+tomato-,Tamoxifen,384
AB5152,GSM5627565,E12.5,GFP-tomato+,Tamoxifen,384
AB5153,GSM5627566,E12.5,GFP+tomato+,Tamoxifen,384
AB5154,GSM5627567,E12.5,GFP-tomato-,Tamoxifen,384
AB5155,GSM5627568,E12.5,GFP+tomato-,Tamoxifen,384
AB5156,GSM5627569,E12.5,GFP-tomato+,Tamoxifen,384
AB5177,GSM5627570,E12.5,GFP+tomato+,Tamoxifen,384
AB5319,GSM5627571,E12.5,GFP-tomato-,Tamoxifen,384
AB5320,GSM5627572,E12.5,GFP+tomato-,Tamoxifen,384
AB5321,GSM5627573,E12.5,GFP-tomato+,Tamoxifen,384
AB5322,GSM5627574,E12.5,GFP+tomato+,Tamoxifen,384
AB5323,GSM5627575,E12.5,GFP-tomato-,Tamoxifen,384
AB5324,GSM5627576,E12.5,GFP+tomato-,Tamoxifen,384
AB5389,GSM5627577,E12.5,GFP-tomato+,Tamoxifen,384
AB5390,GSM5627578,E12.5,GFP+tomato+,Tamoxifen,384
AB5391,GSM5627579,E14.5,GFP-tomato-,Tamoxifen,384
AB5392,GSM5627580,E14.5,GFP+tomato-,Tamoxifen,384
AB5393,GSM5627581,E14.5,GFP-tomato+,Tamoxifen,384
AB5394,GSM5627582,E14.5,GFP+tomato+,Tamoxifen,384
AB5395,GSM5627583,E10.5,GFP-,None,384
AB5396,GSM5627584,E10.5,GFP+,None,384
AB5397,GSM5627585,E10.5,GFP-,None,384
AB5398,GSM5627586,E10.5,GFP+,None,384
AB5399,GSM5627587,E14.5,GFP-tomato-,Tamoxifen,384
AB5400,GSM5627588,E14.5,GFP+tomato-,Tamoxifen,384
AB5401,GSM5627589,E14.5,GFP-tomato+,Tamoxifen,384
AB5402,GSM5627590,E14.5,GFP+tomato+,Tamoxifen,384
AB5411,GSM5627591,E13.5,GFP-tomato-,Tamoxifen,384
AB5412,GSM5627592,E13.5,GFP+tomato-,Tamoxifen,384
AB5413,GSM5627593,E13.5,GFP-tomato+,Tamoxifen,384
AB5414,GSM5627594,E13.5,GFP+tomato+,Tamoxifen,384
AB5415,GSM5627595,E13.5,GFP-tomato-,Tamoxifen,384
AB5416,GSM5627596,E13.5,GFP+tomato-,Tamoxifen,384
AB5417,GSM5627597,E13.5,GFP-tomato+,Tamoxifen,384
AB5418,GSM5627598,E13.5,GFP+tomato+,Tamoxifen,384
AB5725,GSM5627599,E14.5,GFP-tomato-,Tamoxifen,384
AB5726,GSM5627600,E14.5,GFP+tomato-,Tamoxifen,384
AB5727,GSM5627601,E14.5,GFP-tomato+,Tamoxifen,384
AB5728,GSM5627602,E14.5,GFP+tomato+,Tamoxifen,384
AB5753,GSM5627603,E10.5,GFP+,None,384
AB5754,GSM5627604,E10.5,GFP-,None,384
AB5755,GSM5627605,E13.5,GFP-tomato-,Tamoxifen,384
AB5756,GSM5627606,E13.5,GFP+tomato-,Tamoxifen,384
AB5757,GSM5627607,E13.5,GFP-tomato+,Tamoxifen,384
AB5758,GSM5627608,E13.5,GFP+tomato+,Tamoxifen,384
AB5759,GSM5627609,E14.5,GFP-tomato-,Tamoxifen,384
AB5760,GSM5627610,E14.5,GFP+tomato-,Tamoxifen,384
AB5761,GSM5627611,E14.5,GFP-tomato+,Tamoxifen,384
AB5762,GSM5627612,E14.5,GFP+tomato+,Tamoxifen,384
AB5783,GSM5627613,E11.5,GFP-tomato+,Tamoxifen,384
AB5784,GSM5627614,E11.5,GFP+tomato+,Tamoxifen,384
AB5785,GSM5627615,E11.5,GFP-tomato-,Tamoxifen,384
AB5786,GSM5627616,E11.5,GFP+tomato-,Tamoxifen,384
AB6178,GSM5627617,E12.5,tomato+,None,384
AB6179,GSM5627618,E12.5,tomato+,None,384
AB6180,GSM5627619,E12.5,tomato-,None,384
AB6181,GSM5627620,E11.5,GFP-tomato-,Tamoxifen,384
AB6182,GSM5627621,E11.5,GFP+tomato-,Tamoxifen,384
AB6183,GSM5627622,E11.5,GFP-tomato+,Tamoxifen,384
AB6184,GSM5627623,E14.5,GFP-tomato-,Tamoxifen,384
AB6185,GSM5627624,E14.5,GFP+tomato-,Tamoxifen,384
AB6186,GSM5627625,E14.5,GFP-tomato+,Tamoxifen,384
AB6187,GSM5627626,E14.5,GFP+tomato+,Tamoxifen,384
AB6188,GSM5627627,E12.5,tomato+,None,384
AB6189,GSM5627628,E12.5,tomato-,None,384
AB6190,GSM5627629,E12.5,tomato+,None,384
AB6191,GSM5627630,E12.5,tomato+,None,384
AB6365,GSM5627631,E12.5,tomato+,None,384
AB6366,GSM5627632,E12.5,tomato-,None,384
AB6367,GSM5627633,E12.5,tomato+,None,384
AB6368,GSM5627634,E12.5,tomato-,None,384
AB6369,GSM5627635,E12.5,tomato+,None,384
AB6370,GSM5627636,E12.5,tomato-,None,384
AB6371,GSM5627637,E12.5,tomato+,None,384
AB6372,GSM5627638,E12.5,tomato-,None,384
AB6373,GSM5627639,E12.5,tomato+,None,384
AB6374,GSM5627640,E12.5,tomato-,None,384
AB6375,GSM5627641,E12.5,tomato+,None,384
AB6376,GSM5627642,E12.5,tomato-,None,384
AB6377,GSM5627643,E12.5,tomato-,None,384
AB6378,GSM5627644,E12.5,tomato-,None,384
AB6379,GSM5627645,E12.5,tomato+,None,384
