gene,KO_dChondro,OE_dChondro,rescue_inhibitor,rescue_agonist,best_rescue,best_modality,corr_pseudotime,driver,d_ischemic,d_CD47,sig_ischemic,sig_CD47,drug_modality_lit,druggability,evidence,composite
Cdk8,-0.034927400084242194,0.034927400084242194,0.0,0.034927400084242194,0.034927400084242194,inhibitor,0.006138252011442292,0.0027255681702118254,1.1056471,1.2116799,True,True,inhibitor,high,CDK8 inhibitor rescues ischemic fracture (PMC12136223),0.6578313333811443
Sox9,-0.8478816806768558,0.8478816806768558,0.0,0.8478816806768558,0.8478816806768558,agonist,0.170467712223312,0.10669791682800436,-0.0019108057,-0.10363954,False,True,agonist,medium,master chondrogenic TF; hard to drug,0.44063872568152934
Bmp2,-0.017767893843723494,0.017767893843723494,0.0,0.017767893843723494,0.017767893843723494,agonist,0.0030670261775975704,0.0007241535905036214,-0.068194225,-0.010423094,True,False,agonist/recombinant,high,off-label rhBMP2 in NF1 pseudarthrosis (PMID38990653),0.36236922069185357
Map2k1,-0.03176854274509789,0.03176854274509789,0.0,0.03176854274509789,0.03176854274509789,inhibitor,-0.009200173933866115,0.006768538968153684,-0.027535826,-0.02562955,False,False,inhibitor(MEK),high,MEK-SHP2 prevents NF1 pseudarthrosis (PMC12093263),0.35999218635592073
Col11a1,-0.8646612403849726,0.8646612403849726,0.0,0.8646612403849726,0.8646612403849726,agonist,0.29040300754384185,0.13242760695386271,-0.41806626,-0.39165282,True,True,,,,0.3421438398651554
Sox5,-0.8719834892907251,0.8719834892907251,0.0,0.8719834892907251,0.8719834892907251,agonist,0.24052357727098728,0.13155006332471322,-0.3275727,-0.29326558,True,True,,,,0.31836404308636157
Runx2,-0.009073636553869105,0.009073636553869105,0.0,0.009073636553869105,0.009073636553869105,agonist,0.3260049592111862,0.031941182048106004,-0.3832668,-0.16397071,True,True,agonist,medium,master hypertrophic/osteogenic TF,0.30377063478649846
Col10a1,-0.3519893054917475,0.3519893054917475,0.0,0.3519893054917475,0.3519893054917475,agonist,0.41331049166726436,0.2990092574854423,-0.23000813,-0.062419415,True,False,,,,0.2903265019087885
Col2a1,-0.7177209807232472,0.7177209807232472,0.0,0.7177209807232472,0.7177209807232472,agonist,0.08270639799839176,0.07356642604678987,-0.40025473,-0.3516283,True,True,,,,0.2700087053134851
Cd47,-0.03902485002289978,0.03902485002289978,0.0,0.03902485002289978,0.03902485002289978,agonist,0.013070033159822188,0.0012816676374051163,-0.07041642,-0.22693494,True,True,agonist(avoid blockade),medium,CD47 blockade lowers MSC proliferation (PMC11873311),0.25606535229184957
Acan,-0.8033520506093769,0.8033520506093769,0.0,0.8033520506093769,0.8033520506093769,agonist,0.17636939855587877,0.01268882266432638,-0.32823205,-0.43852043,True,True,,,,0.24594454714832464
Sox6,-0.8121627079761279,0.8121627079761279,0.0,0.8121627079761279,0.8121627079761279,agonist,0.15993290228056778,0.011671905371341332,-0.3566649,-0.39175415,True,True,,,,0.2444065420469413
Inhba,-0.012845585263582275,0.012845585263582275,0.0,0.012845585263582275,0.012845585263582275,agonist,0.001893807131870437,0.00013415906109219,0.00097310543,-0.21737537,False,True,agonist/recombinant,medium,Activin A pro-healing PPC (PMID38079220); context dependent,0.24044076056872032
Acvr1,-0.027297339048469576,0.027297339048469576,0.0,0.027297339048469576,0.027297339048469576,agonist,0.006281461703717487,0.0015195800679719301,0.034010172,-0.12902918,False,True,context,medium,BMP receptor; Activin pathological in FOP,0.23241619597732596
Ptpn11,-0.012323296077564614,0.012323296077564614,0.0,0.012323296077564614,0.012323296077564614,agonist,0.009447339806838997,0.003639021282324086,-0.0068882406,-0.04503618,False,True,inhibitor(SHP2),medium,MEK-SHP2 combination (PMID38924432),0.22038428737611418
Col14a1,-0.15330078807731976,0.15330078807731976,0.0,0.15330078807731976,0.15330078807731976,inhibitor,0.10274526251472156,0.026560706375172525,0.07163006,0.041164547,True,False,inhibitor/marker,low,ischemic fibroblastic intermediate,0.15841004826642693
Pdzrn4,-0.03775556948658517,0.03775556948658517,0.0,0.03775556948658517,0.03775556948658517,inhibitor,0.010255379870458804,0.00473548834279922,0.14944005,0.18775511,True,True,inhibitor/marker,low,ischemic intermediate marker,0.15831534320932755
Prrx1,0.031577677954867725,-0.031577677954867725,0.031577677954867725,0.0,0.031577677954867725,agonist,-0.21047902247535863,0.15401202592835606,-0.11371046,-0.09280592,True,True,,,,0.13518243871562008
Sp7,0.01845656756291652,-0.01845656756291652,0.01845656756291652,0.0,0.01845656756291652,agonist,0.30634376112329964,0.035728868463516306,-0.007975325,0.014004365,False,False,agonist,low,osteogenic TF; undruggable,0.13207309705325837
Clec11a,-0.055937180131388924,0.055937180131388924,0.0,0.055937180131388924,0.055937180131388924,agonist,0.007851434889535778,0.0006932014137372806,0.023219198,-0.029946491,False,False,agonist,low,Clec11a-Itga11-Wnt in NF1 (PMC NIHMS1854411),0.11508606905339697
Spp1,-0.053703954840610406,0.053703954840610406,0.0,0.053703954840610406,0.053703954840610406,agonist,0.3298236333163418,0.13774488587539283,-0.08914393,0.039094806,True,False,,,,0.11291296395528168
Dlx5,-0.003162998258330208,0.003162998258330208,0.0,0.003162998258330208,0.003162998258330208,agonist,-0.005262960186266064,0.001242121207254475,0.005458204,0.0016172826,False,False,agonist,low,BMP downstream osteogenic TF,0.10637492861821345
Cxcl12,-0.02489363233999606,0.02489363233999606,0.0,0.02489363233999606,0.02489363233999606,inhibitor,-0.17571038034492498,0.10426839839337142,0.07576942,0.08428926,True,True,,,,0.09474594759633584
Col3a1,-0.03715446271912373,0.03715446271912373,0.0,0.03715446271912373,0.03715446271912373,inhibitor,0.01546342597420828,0.008890230590129352,0.29114342,0.25849319,True,True,,,,0.08349350898295498
Alpl,-0.04831962907981126,0.04831962907981126,0.0,0.04831962907981126,0.04831962907981126,agonist,0.3283664550186796,0.0877167976478585,-0.10428929,-0.016281009,True,False,,,,0.08048488652202822
Col1a1,-0.1960331309754763,0.1960331309754763,0.0,0.1960331309754763,0.1960331309754763,inhibitor,-0.02152602639636548,0.019794537908075692,0.104074,0.1272378,True,True,,,,0.07690752748010947
Postn,-0.015786894207425038,0.015786894207425038,0.0,0.015786894207425038,0.015786894207425038,inhibitor,-0.15676944502671258,0.05306356107390611,0.17870975,-0.113239884,True,True,,,,0.07600426201419512
Pdgfra,-0.040823708295340794,0.040823708295340794,0.0,0.040823708295340794,0.040823708295340794,agonist,-0.17046785862194508,0.07315472225276011,0.030138433,-0.0071850866,False,False,,,,0.055953969275668404
Lepr,-0.07446926986286218,0.07446926986286218,0.0,0.07446926986286218,0.07446926986286218,agonist,-0.13160847025089092,0.06261266383016494,-0.00864304,-0.0022046492,False,False,,,,0.05469040704339874
Pdgfrb,-0.03770296296957852,0.03770296296957852,0.0,0.03770296296957852,0.03770296296957852,inhibitor,-0.14089175874102303,0.03161192525341809,0.09722303,0.03273493,True,False,,,,0.040216614748580265
Bmpr1a,-0.07964162271473114,0.07964162271473114,0.0,0.07964162271473114,0.07964162271473114,agonist,0.05281146579367955,0.020641433124871256,-0.035425216,-0.067016065,False,True,,,,0.03618249731404632
Col1a2,0.011000073959780634,-0.011000073959780634,0.011000073959780634,0.0,0.011000073959780634,inhibitor,-0.00043370390883057153,2.682486651456566e-05,0.050809145,0.20933652,False,True,,,,0.02901079419346151
Mki67,-0.033067746703588446,0.033067746703588446,0.0,0.033067746703588446,0.033067746703588446,agonist,0.006749786858314633,0.0032805908915087404,0.044047087,-0.13443223,False,True,,,,0.025286203054739675
Top2a,-0.07880058894536478,0.07880058894536478,0.0,0.07880058894536478,0.07880058894536478,agonist,0.01991724384115551,0.017291863200635426,0.014519244,-0.042591125,False,False,,,,0.025121509364315033
Lgals1,-0.010816319526933491,0.010816319526933491,0.0,0.010816319526933491,0.010816319526933491,inhibitor,0.0013399691577357748,0.0001412486846922852,0.07063493,0.10633442,True,True,,,,0.02486548210526208
Mmp9,0.01977404581603808,-0.01977404581603808,0.01977404581603808,0.0,0.01977404581603808,inhibitor,0.3184307442826322,0.016172093821416732,0.011501424,-0.0121339895,False,False,,,,0.014218682220049447
Lum,-0.01840239341460001,0.01840239341460001,0.0,0.01840239341460001,0.01840239341460001,agonist,0.0018656563732032485,0.00025099458359072836,0.0020786524,-0.08399212,False,True,,,,0.014207071821162959
Dcn,-0.03992692908128573,0.03992692908128573,0.0,0.03992692908128573,0.03992692908128573,agonist,0.011618003214186165,0.004258451915860454,-0.05229497,-0.045155108,False,False,,,,0.009716669065178455
Pcna,0.0021842122976886147,-0.0021842122976886147,0.0021842122976886147,0.0,0.0021842122976886147,inhibitor,-0.014663675531039698,0.008977560786608236,0.006930679,0.011513725,False,False,,,,0.006380603148775833
Cdk1,-0.012055041300379253,0.012055041300379253,0.0,0.012055041300379253,0.012055041300379253,agonist,-0.011522884090328285,0.003342749526834106,0.011744387,-0.015813846,False,True,,,,0.0063568638157558265
Mcm2,-0.017040752867379706,0.017040752867379706,0.0,0.017040752867379706,0.017040752867379706,agonist,-0.00329340584566595,0.00220064740239562,8.136965e-05,0.0026007257,False,False,,,,0.004403337040232457
Grem1,-0.020125165895927444,0.020125165895927444,0.0,0.020125165895927444,0.020125165895927444,agonist,-0.008629609423911807,0.0011952553855135082,0.0034947805,0.0007187808,False,False,,,,0.00426144052351091
Nog,-0.016445779745675532,0.016445779745675532,0.0,0.016445779745675532,0.016445779745675532,agonist,-0.0005418427357621389,0.0001615021632342216,-0.004037712,-0.004864675,False,False,,,,0.002937054293989852
