,WT_Intact,WT_Ischemic,CD47_KO,d_ischemic,d_CD47,sig_ischemic,sig_CD47
Acan,3.5699246,3.2416925,3.1314042,-0.32823205,-0.43852043,True,True
Acvr1,0.5302487,0.5642589,0.40121952,0.034010172,-0.12902918,False,True
Alpl,0.7093185,0.6050292,0.6930375,-0.10428929,-0.016281009,True,False
Bglap,0.0004900689,0.005065356,0.0014538795,0.004575287,0.0009638106,True,False
Bmp2,0.2312096,0.16301538,0.22078651,-0.068194225,-0.010423094,True,False
Bmpr1a,0.3951322,0.359707,0.32811615,-0.035425216,-0.067016065,False,True
Cd47,0.5062443,0.43582788,0.27930936,-0.07041642,-0.22693494,True,True
Cdk1,0.057439804,0.06918419,0.041625958,0.011744387,-0.015813846,False,True
Cdk8,4.208871,5.314518,5.420551,1.1056471,1.2116799,True,True
Clec11a,0.23824772,0.26146692,0.20830123,0.023219198,-0.029946491,False,False
Col10a1,0.762009,0.5320009,0.6995896,-0.23000813,-0.062419415,True,False
Col11a1,4.3329663,3.9149,3.9413135,-0.41806626,-0.39165282,True,True
Col14a1,0.33138233,0.4030124,0.37254688,0.07163006,0.041164547,True,False
Col1a1,4.3633757,4.4674497,4.4906135,0.104074,0.1272378,True,True
Col1a2,3.97622,4.027029,4.1855564,0.050809145,0.20933652,False,True
Col2a1,4.673644,4.2733893,4.322016,-0.40025473,-0.3516283,True,True
Col3a1,2.7299674,3.0211108,2.9884605,0.29114342,0.25849319,True,True
Cxcl12,0.11015225,0.18592167,0.19444151,0.07576942,0.08428926,True,True
Dcn,0.5602566,0.50796163,0.5151015,-0.05229497,-0.045155108,False,False
Dlx5,0.026190156,0.03164836,0.027807439,0.005458204,0.0016172826,False,False
Grem1,0.01389363,0.01738841,0.014612411,0.0034947805,0.0007187808,False,False
Ibsp,1.4369544,0.99898857,1.4625213,-0.4379658,0.025566936,True,False
Inhba,0.5933068,0.5942799,0.3759314,0.00097310543,-0.21737537,False,True
Lepr,0.03656509,0.027922051,0.034360442,-0.00864304,-0.0022046492,False,False
Lgals1,0.13685594,0.20749088,0.24319036,0.07063493,0.10633442,True,True
Lum,0.38963577,0.39171442,0.30564365,0.0020786524,-0.08399212,False,True
Map2k1,0.17312576,0.14558993,0.14749621,-0.027535826,-0.02562955,False,False
Mcm2,0.016163155,0.016244525,0.018763881,8.136965e-05,0.0026007257,False,False
Mki67,0.4272608,0.47130787,0.29282856,0.044047087,-0.13443223,False,True
Mmp13,0.3944456,0.2939931,0.4198829,-0.10045251,0.025437295,True,False
Mmp9,0.039635792,0.051137216,0.027501803,0.011501424,-0.0121339895,False,False
Nog,0.020400392,0.01636268,0.015535717,-0.004037712,-0.004864675,False,False
Pcna,0.071020104,0.07795078,0.08253383,0.006930679,0.011513725,False,False
Pdgfra,0.21695055,0.24708898,0.20976546,0.030138433,-0.0071850866,False,False
Pdgfrb,0.17816643,0.27538946,0.21090136,0.09722303,0.03273493,True,False
Pdzrn4,0.30748403,0.45692408,0.49523914,0.14944005,0.18775511,True,True
Postn,1.4986867,1.6773964,1.3854468,0.17870975,-0.113239884,True,True
Prrx1,0.6281936,0.51448315,0.5353877,-0.11371046,-0.09280592,True,True
Ptpn11,0.25917426,0.25228602,0.21413808,-0.0068882406,-0.04503618,False,True
Runx2,1.5046668,1.1214,1.3406961,-0.3832668,-0.16397071,True,True
Sox5,1.713254,1.3856813,1.4199884,-0.3275727,-0.29326558,True,True
Sox6,2.3613718,2.0047069,1.9696176,-0.3566649,-0.39175415,True,True
Sox9,1.0939075,1.0919967,0.99026793,-0.0019108057,-0.10363954,False,True
Sp7,0.08747632,0.079500996,0.101480685,-0.007975325,0.014004365,False,False
Spp1,0.5039741,0.41483015,0.5430689,-0.08914393,0.039094806,True,False
Top2a,0.3130467,0.32756594,0.27045557,0.014519244,-0.042591125,False,False
