stage,iter,loss,sec
score,1,6.700937,0.064
score,2,5.204068,0.054
score,3,4.12735,0.053
score,4,3.319957,0.05
score,5,2.260981,0.051
score,6,1.532822,0.049
score,7,0.526618,0.05
score,8,-0.18293,0.049
score,9,-0.82771,0.051
score,10,-1.471475,0.049
score,11,-1.854299,0.05
score,12,-2.330812,0.05
score,13,-2.855043,0.051
score,14,-3.214319,0.049
score,15,-4.060155,0.051
score,16,-4.462544,0.051
score,17,-4.724096,0.051
score,18,-4.616534,0.05
score,19,-5.007555,0.05
score,20,-5.032942,0.049
score,21,-5.560669,0.05
score,22,-5.96189,0.049
score,23,-6.238057,0.05
score,24,-6.555176,0.049
score,25,-6.731227,0.05
score,26,-6.993063,0.049
score,27,-6.818452,0.05
score,28,-6.788932,0.049
score,29,-7.531532,0.05
score,30,-7.647257,0.048
score,31,-7.429775,0.05
score,32,-7.754952,0.049
score,33,-7.840247,0.051
score,34,-7.866179,0.05
score,35,-7.754985,0.051
score,36,-8.066147,0.049
score,37,-8.040936,0.05
score,38,-8.553008,0.049
score,39,-8.242052,0.05
score,40,-8.949909,0.051
score,41,-8.80683,0.05
score,42,-9.180008,0.049
score,43,-8.802147,0.051
score,44,-8.847733,0.048
score,45,-9.394832,0.051
score,46,-9.856896,0.048
score,47,-9.341504,0.05
score,48,-9.246826,0.049
score,49,-9.705877,0.05
score,50,-9.589644,0.048
score,51,-9.523829,0.05
score,52,-9.945342,0.048
score,53,-9.502286,0.05
score,54,-10.206518,0.049
score,55,-10.109026,0.052
score,56,-10.004943,0.048
score,57,-10.949351,0.049
score,58,-10.525838,0.05
score,59,-9.956438,0.05
score,60,-10.32639,0.048
score,61,-10.719868,0.058
score,62,-10.866691,0.049
score,63,-10.463956,0.051
score,64,-10.274796,0.048
score,65,-10.230707,0.05
score,66,-10.126062,0.048
score,67,-10.381914,0.05
score,68,-10.845612,0.052
score,69,-11.18273,0.051
score,70,-11.120849,0.048
score,71,-11.068957,0.05
score,72,-10.765548,0.048
score,73,-11.484872,0.05
score,74,-11.120782,0.049
score,75,-11.249605,0.05
score,76,-10.561715,0.048
score,77,-11.024068,0.05
score,78,-11.497659,0.048
score,79,-11.379676,0.05
score,80,-11.290621,0.049
score,81,-11.460667,0.05
score,82,-11.348641,0.048
score,83,-11.37361,0.05
score,84,-10.599112,0.049
score,85,-11.02396,0.05
score,86,-11.285596,0.048
score,87,-11.205981,0.05
score,88,-11.309573,0.049
score,89,-11.837277,0.051
score,90,-11.334369,0.049
score,91,-11.385427,0.048
score,92,-11.56745,0.048
score,93,-11.785426,0.05
score,94,-11.70624,0.048
score,95,-11.437155,0.05
score,96,-11.564625,0.048
score,97,-12.219191,0.049
score,98,-11.504251,0.048
score,99,-11.876366,0.05
score,100,-12.122456,0.05
pre,1,24.05707,1.363
pre,2,24.04557,1.152
pre,3,23.758652,1.091
pre,4,23.564342,0.897
pre,5,23.452354,1.179
pre,6,23.295073,1.029
pre,7,23.034412,0.921
pre,8,22.766693,1.106
pre,9,22.835356,1.057
pre,10,22.623749,1.075
pre,11,22.578167,1.07
pre,12,22.72547,0.93
pre,13,22.504543,0.982
pre,14,22.64975,0.958
pre,15,22.505997,1.072
pre,16,22.380238,1.022
pre,17,22.543121,1.044
pre,18,22.391636,1.102
pre,19,22.554272,1.08
pre,20,22.354221,1.154
pre,21,22.45108,1.235
pre,22,22.444735,1.121
pre,23,22.493446,0.956
pre,24,22.275663,1.024
pre,25,22.142897,1.008
pre,26,21.991989,1.029
pre,27,22.206747,0.991
pre,28,22.097635,0.93
pre,29,22.218489,0.964
pre,30,22.137163,0.914
pre,31,22.251713,1.062
pre,32,22.259317,0.953
pre,33,21.965332,0.928
pre,34,21.956879,0.991
pre,35,22.081642,1.117
pre,36,22.153646,1.016
pre,37,22.177563,0.96
pre,38,22.032633,0.997
pre,39,22.072054,1.035
pre,40,22.155258,1.185
pre,41,21.98493,1.287
pre,42,22.120052,1.242
pre,43,21.922041,1.122
pre,44,21.97357,1.027
pre,45,22.050488,1.235
pre,46,22.069466,1.209
pre,47,22.148918,1.086
pre,48,22.167,1.131
pre,49,22.003611,1.116
pre,50,21.871212,1.235
pre,51,22.157913,1.305
pre,52,22.057789,1.18
pre,53,21.981266,1.226
pre,54,21.883095,1.121
pre,55,21.919081,1.22
pre,56,22.020359,1.178
pre,57,22.001087,1.155
pre,58,22.039989,1.097
pre,59,21.974283,1.311
pre,60,21.812319,1.26
total,1,9.392426,2.167
total,2,8.053916,2.519
total,3,6.577758,2.393
total,4,5.359838,44.185
total,5,4.508832,2.366
total,6,4.032687,2.37
total,7,3.502166,2.525
total,8,3.023432,2.334
total,9,2.760621,2.358
total,10,2.464931,2.334
total,11,2.093508,2.427
total,12,2.053407,2.336
total,13,1.874518,2.485
total,14,1.49678,2.334
total,15,1.634978,2.344
total,16,1.609887,2.355
total,17,1.32499,2.34
total,18,1.12376,2.365
total,19,1.100591,2.465
total,20,1.019973,2.491
total,21,0.88584,2.333
total,22,0.835756,2.334
total,23,0.766369,2.477
total,24,0.668519,2.329
total,25,0.619836,2.315
total,26,0.543829,2.305
total,27,0.653186,2.466
total,28,0.559589,2.321
total,29,0.511841,2.251
total,30,0.503208,2.276
total,31,0.49691,2.256
total,32,0.472409,2.291
total,33,0.481414,2.418
total,34,0.454915,2.313
total,35,0.452986,2.278
total,36,0.393839,2.301
total,37,0.424712,2.418
total,38,0.42767,2.303
total,39,0.377792,2.36
total,40,0.379414,2.281
total,41,0.350516,2.257
total,42,0.346143,2.307
total,43,0.332282,2.456
total,44,0.307441,2.301
total,45,0.298808,2.262
total,46,0.352807,2.256
total,47,0.345361,2.294
total,48,0.300462,2.278
total,49,0.299283,2.271
total,50,0.275663,2.311
total,51,0.2513,2.394
total,52,0.269109,2.248
total,53,0.237747,9.336
total,54,0.29613,2.429
total,55,0.226537,2.231
total,56,0.254908,2.245
total,57,0.218336,2.248
total,58,0.220094,2.242
total,59,0.210197,2.26
total,60,0.24872,2.245
total,61,0.182194,2.228
total,62,0.193285,2.243
total,63,0.183853,2.406
total,64,0.20837,2.248
total,65,0.238668,2.252
total,66,0.153536,2.292
total,67,0.188378,2.277
total,68,0.228113,2.24
total,69,0.197326,2.241
total,70,0.158668,2.24
total,71,0.16887,2.244
total,72,0.147823,2.24
total,73,0.182676,2.271
total,74,0.151325,2.41
total,75,0.180947,2.23
total,76,0.170514,2.252
total,77,0.130746,2.262
total,78,0.138498,2.249
total,79,0.162561,2.251
total,80,0.115262,2.227
total,81,0.13403,2.251
total,82,0.144042,2.261
total,83,0.155216,2.256
total,84,0.14447,2.397
total,85,0.14685,2.398
total,86,0.157837,2.229
total,87,0.138039,2.38
total,88,0.143294,2.201
total,89,0.110744,2.223
total,90,0.124363,2.214
total,91,0.123623,2.22
total,92,0.101538,2.188
total,93,0.111357,2.263
total,94,0.115533,2.279
total,95,0.11317,2.356
total,96,0.117884,2.256
total,97,0.081862,2.237
total,98,0.084162,2.212
total,99,0.089054,2.319
total,100,0.105864,2.273
total,101,0.080806,2.192
total,102,0.076024,2.276
total,103,0.083917,2.179
total,104,0.080336,2.182
total,105,0.107176,2.152
total,106,0.081224,2.242
total,107,0.091733,2.174
total,108,0.064111,2.283
total,109,0.073074,2.27
total,110,0.094544,2.234
total,111,0.076894,3.592
total,112,0.074776,2.373
total,113,0.084802,2.153
total,114,0.075296,2.153
total,115,0.057307,2.233
total,116,0.062542,2.246
total,117,0.08405,2.361
total,118,0.06218,2.19
total,119,0.064469,2.221
total,120,0.074775,25.698
total,121,0.070712,2.206
total,122,0.056623,2.028
total,123,0.058155,2.065
total,124,0.054847,2.14
total,125,0.053427,2.449
total,126,0.057159,2.1
total,127,0.050525,2.138
total,128,0.0605,2.249
total,129,0.051712,2.164
total,130,0.05277,2.146
total,131,0.057464,2.153
total,132,0.051279,2.121
total,133,0.05058,2.146
total,134,0.053836,2.185
total,135,0.055346,2.189
total,136,0.053271,2.127
total,137,0.050924,2.149
total,138,0.053174,2.154
total,139,0.040164,2.3
total,140,0.05016,2.143
total,141,0.042624,2.243
total,142,0.045824,2.192
total,143,0.055823,2.233
total,144,0.041968,2.135
total,145,0.042454,2.116
total,146,0.04306,2.19
total,147,0.040348,2.24
total,148,0.04817,2.189
total,149,0.046645,2.347
total,150,0.043637,2.294
total,151,0.043893,2.17
total,152,0.04665,2.334
total,153,0.039532,2.172
total,154,0.043434,2.159
total,155,0.045451,2.066
total,156,0.057216,2.166
total,157,0.036802,2.159
total,158,0.040388,2.15
total,159,0.036673,2.428
total,160,0.042599,2.133
total,161,0.03894,2.167
total,162,0.046637,2.134
total,163,0.048657,2.189
total,164,0.036301,2.201
total,165,0.038546,2.116
total,166,0.038503,2.103
total,167,0.038813,2.132
total,168,0.033232,2.134
total,169,0.043767,2.134
total,170,0.027679,2.198
total,171,0.031955,2.154
total,172,0.032147,2.318
total,173,0.029959,2.211
total,174,0.027941,2.214
total,175,0.032834,2.241
total,176,0.034565,2.173
total,177,0.032139,2.534
total,178,0.028259,2.219
total,179,0.028476,2.198
total,180,0.027861,2.195
total,181,0.028919,2.178
total,182,0.030348,2.136
total,183,0.039343,2.165
total,184,0.024077,2.338
total,185,0.026256,2.178
total,186,0.034655,2.306
total,187,0.025458,2.206
total,188,0.025765,2.444
total,189,0.031485,2.357
total,190,0.025827,2.229
total,191,0.029113,2.189
total,192,0.02181,2.173
total,193,0.02821,2.255
total,194,0.019138,2.23
total,195,0.022953,2.391
total,196,0.028042,2.243
total,197,0.023788,2.222
total,198,0.02077,2.261
total,199,0.021937,2.357
total,200,0.022374,2.182
total,201,0.024471,2.194
total,202,0.024947,2.223
total,203,0.02116,2.222
total,204,0.021003,2.199
total,205,0.01734,2.201
total,206,0.022591,2.214
total,207,0.024232,2.302
total,208,0.019177,2.227
total,209,0.022898,2.195
total,210,0.023379,2.214
total,211,0.022319,2.189
total,212,0.021057,2.197
total,213,0.020302,2.323
total,214,0.016951,2.235
total,215,0.017399,2.213
total,216,0.024335,2.236
total,217,0.023267,2.3
total,218,0.020687,2.381
total,219,0.018393,2.206
total,220,0.015698,2.213
total,221,0.015465,2.224
total,222,0.01911,2.243
total,223,0.02128,2.201
total,224,0.015684,2.274
total,225,0.019143,2.201
total,226,0.017265,2.224
total,227,0.016793,2.202
total,228,0.013854,2.201
total,229,0.017852,2.341
total,230,0.018455,2.211
total,231,0.016392,2.206
total,232,0.016365,2.229
total,233,0.014235,2.237
total,234,0.014307,2.256
total,235,0.016165,2.234
total,236,0.013238,2.223
total,237,0.014259,2.256
total,238,0.018933,2.231
total,239,0.018762,2.234
total,240,0.014901,2.404
total,241,0.013138,2.243
total,242,0.01389,2.218
total,243,0.013889,2.217
total,244,0.014208,48.858
total,245,0.013622,2.212
total,246,0.013456,2.227
total,247,0.010754,2.236
total,248,0.011887,2.24
total,249,0.013173,2.231
total,250,0.01366,2.261
total,251,0.0141,2.359
total,252,0.011783,2.202
total,253,0.014969,2.186
total,254,0.010546,2.188
total,255,0.010079,2.199
total,256,0.012328,2.211
total,257,0.012985,2.237
total,258,0.012685,2.181
total,259,0.011337,2.185
total,260,0.00945,2.203
total,261,0.010616,2.211
total,262,0.013926,2.21
total,263,0.011336,2.231
total,264,0.008731,2.338
total,265,0.009205,2.217
total,266,0.010628,2.241
total,267,0.012554,2.342
total,268,0.012111,2.281
total,269,0.009334,2.266
total,270,0.01116,2.238
total,271,0.013249,2.184
total,272,0.009475,2.225
total,273,0.011373,2.409
total,274,0.009434,2.218
total,275,0.011791,2.362
total,276,0.009475,2.283
total,277,0.010489,2.309
total,278,0.00775,2.218
total,279,0.008955,2.207
total,280,0.010735,2.178
total,281,0.011618,2.245
total,282,0.009484,2.212
total,283,0.008645,2.207
total,284,0.008563,2.243
total,285,0.007866,2.201
total,286,0.008564,2.34
total,287,0.009513,2.202
total,288,0.00761,2.215
total,289,0.009359,2.196
total,290,0.009377,2.193
total,291,0.008371,2.182
total,292,0.008259,2.192
total,293,0.007621,2.191
total,294,0.006921,2.33
total,295,0.008323,2.201
total,296,0.00764,2.227
total,297,0.006466,2.394
total,298,0.009782,2.206
total,299,0.006587,2.213
total,300,0.008686,2.213
total,301,0.007882,2.233
total,302,0.008074,2.233
total,303,0.006185,2.244
total,304,0.006786,2.222
total,305,0.006943,2.179
total,306,0.007035,2.188
total,307,0.008066,2.175
total,308,0.007866,2.309
total,309,0.007012,2.177
total,310,0.009107,3.128
total,311,0.008898,2.176
total,312,0.007496,2.298
total,313,0.006017,2.189
total,314,0.006969,2.367
total,315,0.006158,2.216
total,316,0.005311,2.209
total,317,0.007051,2.186
total,318,0.006415,2.233
total,319,0.006454,2.22
total,320,0.005761,2.21
total,321,0.005393,2.365
total,322,0.005795,2.201
total,323,0.005098,2.22
total,324,0.005617,2.187
total,325,0.005236,2.167
total,326,0.004844,2.188
total,327,0.006129,2.339
total,328,0.007015,2.898
total,329,0.005768,2.197
total,330,0.005198,2.225
total,331,0.006421,2.178
total,332,0.005088,2.326
total,333,0.00686,2.178
total,334,0.004865,2.211
total,335,0.005241,2.217
total,336,0.00518,2.235
total,337,0.005099,2.198
total,338,0.00565,2.305
total,339,0.004217,2.334
total,340,0.004773,2.495
total,341,0.005155,2.254
total,342,0.004295,2.264
total,343,0.005272,2.405
total,344,0.005228,2.236
total,345,0.005309,2.242
total,346,0.004538,2.244
total,347,0.005523,2.266
total,348,0.004649,3.787
total,349,0.004498,2.282
total,350,0.00515,2.266
total,351,0.003814,2.249
total,352,0.004875,2.258
total,353,0.004154,2.255
total,354,0.004343,2.426
total,355,0.003848,2.294
total,356,0.003738,2.223
total,357,0.005215,2.238
total,358,0.003621,2.213
total,359,0.003851,2.208
total,360,0.004119,2.272
total,361,0.004024,2.281
total,362,0.004175,2.271
total,363,0.003541,2.242
total,364,0.003479,2.251
total,365,0.003965,2.383
total,366,0.003538,2.221
total,367,0.003274,2.22
total,368,0.002822,2.23
total,369,0.004787,2.279
total,370,0.003937,2.261
total,371,0.00326,2.355
total,372,0.003298,2.268
total,373,0.00424,2.431
total,374,0.003525,2.249
total,375,0.003072,6.345
total,376,0.003347,7.718
total,377,0.004033,3.98
total,378,0.003688,2.475
total,379,0.003156,2.286
total,380,0.003272,2.279
total,381,0.003887,72.553
total,382,0.002683,2.331
total,383,0.002614,2.299
total,384,0.002818,2.301
total,385,0.003116,2.303
total,386,0.002952,2.396
total,387,0.003373,2.28
total,388,0.003104,2.425
total,389,0.003369,2.404
total,390,0.002946,2.237
total,391,0.003364,2.248
total,392,0.002951,2.228
total,393,0.003139,2.228
total,394,0.002886,2.246
total,395,0.0031,5.595
total,396,0.002228,8.777
total,397,0.002774,2.425
total,398,0.002854,2.226
total,399,0.002106,2.376
total,400,0.002728,2.454
total,401,0.002801,2.255
total,402,0.002657,2.245
total,403,0.00233,2.292
total,404,0.002187,2.25
total,405,0.002581,2.265
total,406,0.0031,2.243
total,407,0.002378,2.279
total,408,0.002227,2.219
total,409,0.002176,2.332
total,410,0.002336,2.243
total,411,0.002035,2.426
total,412,0.00219,2.415
total,413,0.002387,2.258
total,414,0.002006,2.229
total,415,0.002476,2.397
total,416,0.002422,2.243
total,417,0.002656,3.654
total,418,0.002293,6.937
total,419,0.00264,6.249
total,420,0.002091,2.408
total,421,0.002581,2.3
total,422,0.00201,2.658
total,423,0.002463,2.227
total,424,0.002239,2.25
total,425,0.002263,2.409
total,426,0.002432,4.507
total,427,0.00212,7.136
total,428,0.002249,5.537
total,429,0.002225,2.251
total,430,0.002035,2.204
total,431,0.002052,2.225
total,432,0.002055,2.225
total,433,0.001861,5.85
total,434,0.001978,8.425
total,435,0.001584,10.879
total,436,0.002008,2.314
total,437,0.001917,2.246
total,438,0.002224,2.259
total,439,0.002174,2.268
total,440,0.001573,2.247
total,441,0.001916,2.291
total,442,0.001581,2.256
total,443,0.001778,2.28
total,444,0.002452,2.237
total,445,0.002018,2.242
total,446,0.001628,2.36
total,447,0.002067,2.263
total,448,0.002176,2.246
total,449,0.001736,2.464
total,450,0.001712,2.254
total,451,0.001477,2.201
total,452,0.00161,2.213
total,453,0.001283,2.239
total,454,0.00211,4.391
total,455,0.001991,9.117
total,456,0.001885,10.128
total,457,0.002047,2.478
total,458,0.001918,2.409
total,459,0.002082,10.581
total,460,0.001923,2.299
total,461,0.002581,2.301
total,462,0.001451,2.25
total,463,0.002218,2.266
total,464,0.001744,2.23
total,465,0.001472,2.32
total,466,0.001607,2.232
total,467,0.002006,2.367
total,468,0.001987,2.143
total,469,0.001372,2.217
total,470,0.0018,2.147
total,471,0.001932,2.258
total,472,0.001573,4.723
total,473,0.001253,2.187
total,474,0.001397,2.178
total,475,0.001485,2.313
total,476,0.001279,2.21
total,477,0.001308,2.281
total,478,0.001356,2.178
total,479,0.001494,2.246
total,480,0.001912,2.297
total,481,0.001761,2.191
total,482,0.001529,2.296
total,483,0.001894,2.204
total,484,0.001619,2.26
total,485,0.001648,2.163
total,486,0.00118,2.208
total,487,0.001425,2.253
total,488,0.00156,2.246
total,489,0.001393,2.193
total,490,0.001662,2.265
total,491,0.001752,13.815
total,492,0.001586,2.218
total,493,0.001481,2.24
total,494,0.001657,2.185
total,495,0.00101,2.105
total,496,0.001066,2.123
total,497,0.001393,2.193
total,498,0.001375,2.276
total,499,0.00166,2.232
total,500,0.00137,2.126
total,501,0.001314,2.196
total,502,0.001654,2.165
total,503,0.001438,2.275
total,504,0.001826,2.132
total,505,0.001211,2.134
total,506,0.001275,2.125
total,507,0.001199,2.207
total,508,0.001394,2.198
total,509,0.001086,2.175
total,510,0.001251,2.181
total,511,0.001135,2.149
total,512,0.001153,2.139
total,513,0.001352,2.133
total,514,0.001299,2.1
total,515,0.001105,2.292
total,516,0.001387,2.26
total,517,0.001451,2.167
total,518,0.001372,2.156
total,519,0.001025,2.145
total,520,0.001115,2.153
total,521,0.001028,2.155
total,522,0.001135,2.131
total,523,0.000964,2.128
total,524,0.001195,2.167
total,525,0.001159,2.313
total,526,0.001109,2.215
total,527,0.001158,2.182
total,528,0.001347,2.143
total,529,0.001451,2.146
total,530,0.001084,2.144
total,531,0.001062,2.137
total,532,0.001134,2.172
total,533,0.001241,2.132
total,534,0.00086,2.125
total,535,0.001124,2.119
total,536,0.001179,2.138
total,537,0.001078,2.279
total,538,0.00113,2.138
total,539,0.001038,2.14
total,540,0.001094,2.193
total,541,0.000972,2.16
total,542,0.000917,2.118
total,543,0.000888,2.124
total,544,0.000927,2.145
total,545,0.001122,2.147
total,546,0.000986,2.145
total,547,0.000629,2.151
total,548,0.000977,2.147
total,549,0.00106,2.278
total,550,0.001231,2.246
total,551,0.001029,2.112
total,552,0.00104,2.275
total,553,0.000983,2.147
total,554,0.001075,2.165
total,555,0.000891,2.11
total,556,0.000727,2.112
total,557,0.000885,2.152
total,558,0.00126,2.095
total,559,0.000907,2.111
total,560,0.000768,2.285
total,561,0.001066,2.188
total,562,0.000959,2.141
total,563,0.00087,2.163
total,564,0.000761,2.155
total,565,0.001018,2.157
total,566,0.000986,2.166
total,567,0.000839,2.142
total,568,0.000841,2.117
total,569,0.000693,2.116
total,570,0.000877,2.12
total,571,0.00079,2.282
total,572,0.001013,2.131
total,573,0.000805,2.108
total,574,0.000838,2.124
total,575,0.000902,2.149
total,576,0.000792,2.129
total,577,0.000626,2.13
total,578,0.000825,2.104
total,579,0.000968,2.126
total,580,0.000721,2.139
total,581,0.000666,2.14
total,582,0.001121,2.198
total,583,0.000793,2.149
total,584,0.000903,2.324
total,585,0.000887,2.175
total,586,0.000621,2.163
total,587,0.000793,2.2
total,588,0.000689,2.152
total,589,0.000702,2.178
total,590,0.000809,2.163
total,591,0.000765,2.172
total,592,0.000602,2.145
total,593,0.000838,2.144
total,594,0.000712,2.166
total,595,0.000589,2.205
total,596,0.000749,2.162
total,597,0.000555,2.261
total,598,0.000688,2.128
total,599,0.000706,2.121
total,600,0.00066,2.16
total,601,0.000771,2.138
total,602,0.000685,2.144
total,603,0.000714,2.146
total,604,0.000787,2.134
total,605,0.000685,2.162
total,606,0.000621,2.157
total,607,0.000731,2.265
total,608,0.000452,2.145
total,609,0.000542,2.155
total,610,0.000549,2.12
total,611,0.00062,2.065
total,612,0.000675,2.104
total,613,0.000667,2.095
total,614,0.000698,2.148
total,615,0.000515,2.116
total,616,0.000449,2.14
total,617,0.000512,2.135
total,618,0.000337,2.264
total,619,0.000431,2.136
total,620,0.000554,2.104
total,621,0.00082,2.099
total,622,0.000383,2.179
total,623,0.000621,2.106
total,624,0.00045,2.108
total,625,0.000625,2.112
total,626,0.000705,2.074
total,627,0.000481,2.121
total,628,0.000504,2.134
total,629,0.000451,2.098
total,630,0.000523,2.265
total,631,0.000669,2.168
total,632,0.000513,2.117
total,633,0.000567,2.078
total,634,0.000463,2.117
total,635,0.000737,2.116
total,636,0.000487,2.153
total,637,0.000542,2.109
total,638,0.00071,2.175
total,639,0.000619,2.145
total,640,0.00057,2.109
total,641,0.000556,2.116
total,642,0.000418,2.251
total,643,0.000419,2.114
total,644,0.000657,2.162
total,645,0.000462,2.132
total,646,0.000559,2.138
total,647,0.000461,2.168
total,648,0.000596,2.109
total,649,0.000382,2.119
total,650,0.000444,2.085
total,651,0.00076,2.157
total,652,0.000731,2.104
total,653,0.000461,2.077
total,654,0.000464,2.147
total,655,0.000447,2.136
total,656,0.000621,2.282
total,657,0.000632,2.165
total,658,0.00038,2.152
total,659,0.000437,2.156
total,660,0.000767,2.176
total,661,0.00054,2.183
total,662,0.00039,2.129
total,663,0.000432,2.138
total,664,0.00058,2.126
total,665,0.000521,2.126
total,666,0.000413,2.947
total,667,0.00043,2.126
total,668,0.000444,2.242
total,669,0.00056,2.262
total,670,0.000478,2.066
total,671,0.00043,2.095
total,672,0.000401,2.166
total,673,0.000302,2.155
total,674,0.000451,2.148
total,675,0.000311,2.162
total,676,0.00034,2.137
total,677,0.000482,2.112
total,678,0.000469,2.122
total,679,0.000645,2.128
total,680,0.000481,2.135
total,681,0.000467,2.129
total,682,0.000474,2.09
total,683,0.000463,2.255
total,684,0.000391,2.063
total,685,0.000437,2.122
total,686,0.000352,2.073
total,687,0.000455,2.086
total,688,0.000337,2.11
total,689,0.000354,2.064
total,690,0.000388,2.077
total,691,0.000294,2.137
total,692,0.000473,2.094
total,693,0.00041,2.115
total,694,0.000281,2.126
total,695,0.00058,2.062
total,696,0.000534,2.186
total,697,0.000349,2.056
total,698,0.000333,2.096
total,699,0.000431,2.119
total,700,0.000512,2.068
total,701,0.000428,2.063
total,702,0.0004,2.075
total,703,0.000589,2.077
total,704,0.000337,2.097
total,705,0.000392,2.071
total,706,0.000447,2.072
total,707,0.000389,2.106
total,708,0.000495,2.257
total,709,0.000312,2.064
total,710,0.000379,2.105
total,711,0.000526,2.106
total,712,0.000229,2.094
total,713,0.000405,2.102
total,714,0.000285,2.109
total,715,0.000475,2.143
total,716,0.000147,2.097
total,717,0.00025,2.087
total,718,0.000327,2.083
total,719,9.5e-05,2.195
total,720,0.000241,2.065
total,721,0.000309,2.086
total,722,0.000249,2.106
total,723,0.0004,2.047
total,724,0.000292,2.047
total,725,0.000359,2.068
total,726,0.000392,2.058
total,727,0.000401,2.061
total,728,0.000393,2.066
total,729,0.000241,2.116
total,730,0.000362,2.235
total,731,0.000229,2.08
total,732,0.000276,2.059
total,733,0.000287,2.068
total,734,0.000354,2.075
total,735,0.000211,2.084
total,736,0.000211,2.096
total,737,0.000396,2.017
total,738,0.000112,2.038
total,739,0.00033,2.016
total,740,0.000397,2.053
total,741,0.000285,2.096
total,742,0.000315,2.257
total,743,0.000473,2.075
total,744,0.000376,2.144
total,745,0.000244,2.117
total,746,0.000311,2.058
total,747,0.000417,2.056
total,748,0.000317,2.063
total,749,9.7e-05,2.087
total,750,0.000296,2.107
total,751,0.000233,2.111
total,752,0.000383,2.221
total,753,0.00027,2.07
total,754,0.000245,2.058
total,755,0.000299,2.041
total,756,0.000271,2.072
total,757,0.000455,2.052
total,758,0.00025,2.062
total,759,0.000366,2.056
total,760,0.00036,2.061
total,761,0.000332,2.109
total,762,0.000221,2.348
total,763,0.000295,2.471
total,764,0.000258,2.211
total,765,0.000426,2.145
total,766,0.000142,2.073
total,767,0.00013,2.084
total,768,0.00014,2.067
total,769,0.000279,2.079
total,770,0.000345,2.038
total,771,0.000382,2.059
total,772,0.000272,2.059
total,773,0.000117,2.147
total,774,0.000207,2.044
total,775,0.000243,2.068
total,776,0.000298,2.048
total,777,0.000162,2.048
total,778,0.000156,2.039
total,779,0.000298,2.047
total,780,5.3e-05,2.02
total,781,0.000283,2.095
total,782,0.000377,2.003
total,783,0.000218,2.178
total,784,0.000244,2.063
total,785,0.000182,2.031
total,786,0.0002,2.098
total,787,0.000485,2.05
total,788,0.000194,2.067
total,789,0.000109,2.088
total,790,0.000333,2.025
total,791,0.000206,2.009
total,792,4.1e-05,2.147
total,793,5.8e-05,2.066
total,794,0.000381,2.065
total,795,0.000374,2.074
total,796,0.000114,2.073
total,797,0.000112,2.027
total,798,0.000322,2.017
total,799,0.000241,2.059
total,800,0.000159,2.036
