,Acan,Acvr1,Alpl,Bmpr1a,Cd47,Cdk1,Cdk8,Clec11a,Col10a1,Col11a1,Col14a1,Col1a1,Col1a2,Col2a1,Col3a1,Cxcl12,Dcn,Itga11,Lepr,Lgals1,Lum,Map2k1,Mcm2,Mki67,Mmp9,Pcna,Pdgfra,Pdgfrb,Pdzrn4,Postn,Prrx1,Ptpn11,Runx2,Sox5,Sox6,Sox9,Sp7,Spp1,Top2a
Sox9,0.0011100790658901995,-1.2808764101456703e-16,0.00599946914240999,1.0681454143088492e-16,2.0872569001674673e-16,-0.007683948911040601,2.3626972071779276e-16,-6.412933207571431e-17,-0.0017703781585277493,0.004048663379785928,-2.2143640187776228e-16,0.01899255262138711,-0.004463372221496825,0.012890351521864301,0.01920401880856499,0.010795861495886122,0.01568291257398943,0.007047421254112789,0.02162777498572695,0.004993494635346734,0.011075373103821493,2.6357219153787636e-16,-0.008277192893638562,-0.0038248329083829143,-0.0010185133283557972,0.0032264760985198345,3.5666376251788484e-17,0.002868088263042773,-3.400918144016315e-16,-6.078033039240626e-16,2.544222477385991e-16,-2.0803745608319197e-16,-1.190509001714268e-15,1.461909683078661e-17,-7.489147992187142e-16,0.9999999999999974,5.161680414880719e-16,0.022192993216603295,0.01655949861454219
Sox5,-0.002175350191559183,-2.7755575615628914e-16,0.009759685684410914,-8.257283745649602e-16,-5.273559366969494e-16,-0.004111470247292637,-6.938893903907228e-17,-5.048045315092509e-16,0.1339620932740619,0.10757426740962714,-5.0133508455729725e-16,-0.07419724511427918,-0.0009742743652922615,-0.06615290571671302,-0.0175898816967702,-0.04656772062844796,0.009669579990632164,-0.005099126689270049,0.028195601300533613,0.009398004492769419,-0.00031252997687756905,0.0,-0.0006852779867524417,-0.0002428276432068499,-0.010298922188018936,-0.013803997654836725,-3.0531133177191805e-16,0.0011971461402664491,-1.3877787807814457e-16,3.0531133177191805e-16,1.1102230246251565e-16,-4.371503159461554e-16,1.491862189340054e-16,1.0000000000000009,6.938893903907228e-17,8.234090346283896e-17,-1.942890293094024e-16,0.009395153688008119,0.021023954350161494
Sox6,-0.0009312815536880619,-2.0816681711721685e-16,-0.0036104301821486898,7.086345399365257e-16,-2.498001805406602e-16,0.0010819901905212426,-5.551115123125783e-16,7.632783294297951e-17,-0.012565623172557078,-0.009207773310288589,6.938893903907228e-17,-0.007846297459632669,-0.001157154273816137,-0.003275102949789081,0.010388886424248261,-0.00114118214405377,0.005965822205944859,-0.0007347774740838931,0.0018334574432546102,-0.0022454499175318283,0.0027234971335830587,-2.7755575615628914e-16,0.003704251738558151,-0.0007326164310924588,-0.0005845142020862726,-0.00922240607006064,-3.3306690738754696e-16,-0.004540562034223896,1.6653345369377348e-16,-4.440892098500626e-16,8.326672684688674e-17,-1.3877787807814457e-16,6.337703799264016e-16,8.604228440844963e-16,1.0000000000000002,2.0093550616399393e-18,-3.608224830031759e-16,0.003253088848875857,0.006135001415999319
Runx2,-0.0017272024650572086,3.885780586188048e-16,-0.004970182336133139,-7.112366251504909e-16,8.326672684688674e-17,-0.004341246599204762,-1.3877787807814457e-16,1.5785983631388945e-16,0.014999332902683633,0.009707109749901063,-6.938893903907228e-17,0.0012088490774675859,-0.0016751216220441678,0.0028352290209241876,-0.002634892213055462,0.0035210782155084813,0.006540806547374449,-0.0022201778812650265,0.002016477770168973,-0.003136333066365189,-0.0031095239697968716,2.949029909160572e-16,0.006333504872008178,-0.0012073655068837175,-0.002082003182283765,-0.0033686998034574978,6.938893903907228e-16,-0.002226059002434746,-2.7755575615628914e-17,-4.3021142204224816e-16,2.7755575615628914e-16,1.3877787807814457e-16,0.9999999999999978,4.3021142204224816e-16,-1.249000902703301e-16,-4.808628567034228e-16,-3.885780586188048e-16,-0.0014452263302069546,0.0009824145340635582
Sp7,-0.0010174966469720299,-7.814929259275516e-16,0.00815024527200045,3.0531133177191805e-16,2.0816681711721685e-16,-0.004574924602379966,-2.7755575615628914e-17,2.220446049250313e-16,-0.005669264396687718,-0.0018395739794718753,1.3877787807814457e-16,-0.013513662505355267,0.0013179801148873321,-0.02732511127889975,0.01346096469511937,0.07452775643497749,-0.006205319081404342,0.0029102492191333852,0.015517743392591155,0.016859153572864424,-0.003989401543394093,5.134781488891349e-16,-0.002504441887449003,0.007269120718301103,-0.002724932919176761,-0.005872281004211484,1.3877787807814457e-16,0.018556877913265726,4.718447854656915e-16,5.689893001203927e-16,-3.3306690738754696e-16,-1.5265566588595902e-16,-1.1796119636642288e-16,2.7755575615628914e-17,-5.065392549852277e-16,4.646940357729797e-16,1.0000000000000016,0.01262185451078389,0.005911934261991908
Dlx5,-0.004052842924723965,4.440892098500626e-16,-0.004359759498710036,-8.881784197001252e-16,-5.551115123125783e-17,-0.003232406214589756,4.0245584642661925e-16,-4.708473194670049e-15,-0.005901681746240284,-0.009363517298564439,9.43689570931383e-16,0.013499402672805472,-0.0017508187430036182,0.01350342713951358,-0.0021157727501044388,0.003074383295768701,-0.00036080795752446715,-0.001849237216488414,0.010455321127592399,0.0004921019656460857,0.006401630476909254,-4.0939474033052647e-16,0.0036179069098381533,0.007534483523230051,-0.0024114478035691805,-0.008058483943553796,1.5265566588595902e-16,-0.0033609913463453767,-4.3021142204224816e-16,-4.85722573273506e-17,-3.608224830031759e-16,4.163336342344337e-17,-4.163336342344337e-16,-4.718447854656915e-16,3.3306690738754696e-16,-9.120402806298246e-16,6.245004513516506e-16,0.016539333997250827,-0.0001643649373452849
Msx1,-0.009767277394529594,-4.440892098500626e-16,-0.0008082102545932113,2.7755575615628914e-16,2.220446049250313e-16,-0.0014909039939410285,-2.362476533845914e-16,6.661338147750939e-16,-0.03506685728061054,-0.020983849350847072,0.0,0.012595045552905582,-0.002237150801546184,-0.007939196879958033,-0.0065109836122640985,0.02016497041828802,0.0037924459737075367,-0.0020651317705059624,0.019835926166268614,-0.003163220367163877,-0.006265169055744008,1.249000902703301e-16,0.0072621267675108125,-0.011014568781786416,-0.002537450750002751,0.005475357087688648,-3.885780586188048e-16,-0.007230497850140627,3.469446951953614e-16,1.3183898417423734e-16,5.204170427930421e-16,-4.85722573273506e-17,-3.469446951953614e-17,2.7755575615628914e-17,6.938893903907228e-17,-3.133249572406608e-16,-3.3306690738754696e-16,0.0029202324964925364,-0.0002217674461675312
Msx2,-0.005345775769054817,2.1510571102112408e-16,0.004549919833467975,1.3877787807814457e-17,-6.765421556309548e-17,0.003843930809382723,-2.7755575615628914e-16,3.608224830031759e-16,-0.02150915891953975,-0.015453521396332048,-1.942890293094024e-16,-0.03130681858319395,0.013710378693683634,-0.016837722899190055,0.00022675509803349314,0.015330465651739456,0.00120655028138561,-0.004410791516818835,0.011248025370681702,-0.0022362139447982265,-0.0005177844566171541,3.7470027081099033e-16,0.008385327774019125,0.004243446682142604,-0.003404009749898962,-0.00402310036900122,1.3877787807814457e-16,0.0016921003589220884,2.636779683484747e-16,1.249000902703301e-16,-6.661338147750939e-16,1.8041124150158794e-16,-1.1102230246251565e-16,-2.185751579730777e-16,2.0990154059319366e-16,-2.1510300543461043e-17,3.122502256758253e-16,0.013656618531775688,-0.01210180611312478
Twist1,-0.006502285325656665,-1.6653345369377348e-16,-0.007444754641802831,-1.3877787807814457e-17,5.551115123125783e-16,0.0021487975678287086,1.3877787807814457e-17,1.942890293094024e-16,-0.022921627180448212,-0.022296495154845886,1.1102230246251565e-16,0.06579603554440894,-0.004537510480575158,0.07673866929383877,0.007714366517504345,0.09487560005698015,-0.0011119387509399559,0.0018311101994106238,0.003673304055638482,-0.0048388588616994355,-0.00644314517447131,5.551115123125783e-17,0.008068516855143315,-0.004418250495547227,-0.006194332706428662,0.0012192019663981313,1.4755991567527715e-16,-0.014957070826335794,-5.551115123125783e-17,-2.42861286636753e-16,3.608224830031759e-16,-2.7755575615628914e-16,5.204170427930421e-16,0.0,-4.85722573273506e-16,1.9840229376257366e-16,-8.326672684688674e-17,0.016720699243730763,-0.0069578601276159
Prrx1,0.004771473093850176,4.85722573273506e-17,0.013948980813342615,-9.71445146547012e-17,-1.6653345369377348e-16,-0.006669451928136283,8.326672684688674e-17,8.326672684688674e-17,-0.04230422952381119,-0.032734543910002856,-3.608224830031759e-16,0.08713007033557574,-0.00711410904652876,0.044875125565283724,0.003967529204331299,0.05824064187310185,0.011781359059689578,0.0006237131932405049,0.010986913245858432,-0.0015995045838206323,-0.00039463522215665847,5.689893001203927e-16,0.012213743552013767,-0.019020849346183866,-0.002902984217753257,0.010051893022684055,-5.551115123125783e-17,-0.0015241488048722829,2.636779683484747e-16,-4.85722573273506e-17,0.9999999999999986,8.326672684688674e-17,-3.8510861166685117e-16,-2.498001805406602e-16,2.8449465006019636e-16,-4.932137132081617e-17,5.273559366969494e-16,0.020771716948923213,0.004354746930128606
Scx,-0.000784697212774077,1.6653345369377348e-16,-0.002321745975237377,-1.0408340855860843e-16,1.249000902703301e-16,-0.0021377518012002383,-2.7755575615628914e-17,-1.1102230246251565e-16,0.01790028523956977,0.023210846348398206,1.6653345369377348e-16,0.018753892796453897,-0.006289987355041049,0.011547742258244398,0.012312658777020147,0.0012034213469362953,-0.005808349876538443,-0.0012558554232837693,0.006788710759536798,0.013581338468789284,-0.0019488041567710113,-2.7755575615628914e-16,7.559270484591707e-05,-0.00469866085560966,-2.934056256176376e-05,-0.011288147316143693,1.6653345369377348e-16,0.007059638290471071,2.482822974991805e-16,-6.661338147750939e-16,5.828670879282072e-16,2.7755575615628914e-16,8.049116928532385e-16,1.942890293094024e-16,-4.0939474033052647e-16,4.790206649619457e-16,1.249000902703301e-16,0.004023656557947675,0.017632609980283043
Mkx,-0.006860296139102218,-2.7755575615628914e-17,0.01078723891052391,-1.3877787807814457e-16,-1.3877787807814457e-16,-0.012749540452233532,2.233456475320139e-17,-5.551115123125783e-17,0.05840603314999271,0.03730081976254951,0.0,0.04951736507075566,0.01711107240744525,0.03917285656871172,0.03519633024870927,0.02004363365847439,0.006835309766586306,-0.007374974728694639,0.016117161482497977,0.0006243724980095067,0.007674984368794213,1.3877787807814457e-17,0.014840789499061202,0.006773546017939225,0.009591508301500795,-0.011281854190372087,8.326672684688674e-17,0.0009948268847352892,-1.1102230246251565e-16,2.0296264668928643e-16,4.198030811863873e-16,-3.95516952522712e-16,-3.642919299551295e-16,-2.498001805406602e-16,3.7470027081099033e-16,-7.160111713937904e-16,-9.71445146547012e-17,0.01932326752097424,0.0033418718606306186
Bmp2,0.018501117238912457,1.7694179454963432e-16,-0.0029465036754459106,3.677613769070831e-16,7.216449660063518e-16,0.017067909973974338,1.3877787807814457e-16,3.885780586188048e-16,-0.01906444934047613,-0.00836534725684146,1.6653345369377348e-16,0.001841954015844749,0.0037800261397080703,0.007678763525746035,0.0037547709168848087,-0.0009801425578928047,0.0032178418741182213,0.006246358889594461,0.009830510104507084,0.0016236774007722943,0.012680737058651914,8.743006318923108e-16,-0.0036459137592714796,-0.010011092522518084,0.010824784360394801,-0.0020338734904612465,-2.7755575615628914e-16,-0.0021645956607727612,-2.7755575615628914e-17,-4.718447854656915e-16,2.0816681711721685e-16,9.367506770274758e-17,2.2898349882893854e-16,4.0245584642661925e-16,-3.95516952522712e-16,1.022498314476279e-15,3.0617869350990645e-16,0.0022599917056709273,-0.0008959894372537747
Bmp4,0.006046102303628231,-6.938893903907228e-17,0.005029591548918688,-2.220446049250313e-16,2.7755575615628914e-17,0.004526839240270419,-1.3183898417423734e-16,-6.106226635438361e-16,0.04983441277045131,0.020543167442383492,4.163336342344337e-16,0.04610888619436082,-0.004317835388292224,0.05168557909564697,-0.007177682249675854,-0.00245815854373177,0.0029674632260139333,-0.007973041567737482,0.0061074586019458366,0.022032200603007368,-0.011445951694440737,-2.498001805406602e-16,0.009094491692394513,-0.005273361141917121,-0.0075800615572916286,0.00022654998201687704,1.3877787807814457e-16,0.003157611113465464,-3.3306690738754696e-16,8.326672684688674e-17,3.3306690738754696e-16,-1.8041124150158794e-16,9.71445146547012e-17,-2.706168622523819e-16,-3.191891195797325e-16,1.5036520465680546e-16,-5.551115123125783e-17,-0.002260218969468042,-0.00966077022525269
Bmp7,0.007220730934022868,9.020562075079397e-17,0.012567888312332798,-3.608224830031759e-16,-1.6653345369377348e-16,-0.0060110458252893295,1.457167719820518e-16,-3.608224830031759e-16,0.033615740889217705,0.021374017211201135,-4.163336342344337e-17,0.010704014566726983,-0.004368521858850727,0.007734024751698598,-0.0008973079966381192,-0.006827566940046381,0.003707333358761389,-0.006129988547399989,0.004393403927679174,-0.0019272486388217658,0.0020656461533690162,1.6306400674181987e-16,0.006106749824539293,0.0011576027900446206,-0.004854065717154299,0.007894151807704475,-3.608224830031759e-16,0.0014237399809644558,2.740863092043355e-16,6.938893903907228e-16,2.7755575615628914e-17,0.0,1.6653345369377348e-16,-5.551115123125783e-17,4.0245584642661925e-16,6.834310977520311e-17,7.840950111415168e-16,0.003554059010639321,-0.008855759955167741
Inhba,-0.0009236658370355144,6.661338147750939e-16,0.00418421596987173,-1.0824674490095276e-15,-5.551115123125783e-16,-0.007769854506477714,4.891920202254596e-16,-3.191891195797325e-16,-9.49715031310916e-05,-0.009811240626731887,4.0245584642661925e-16,0.014309468329884112,-0.0012723788677249104,0.022446793504059315,0.0024663552176207304,-0.00799843535060063,-0.00038734194822609425,-0.0010648231036611833,0.015053285052999854,-0.002094810886774212,0.002115626812155824,-5.967448757360216e-16,0.0026024236576631665,-0.0007624444551765919,-0.0005304042424540967,0.0010073238518089056,1.124100812432971e-15,-0.005264508334221318,-5.551115123125783e-16,4.649058915617843e-16,1.1102230246251565e-16,5.620504062164855e-16,-1.3461454173580023e-15,-4.440892098500626e-16,1.1726730697603216e-15,-1.5572590951859414e-15,-4.440892098500626e-16,-0.0005842003156431019,0.004714769747806713
Inhbb,-0.0007825356442481279,1.8041124150158794e-16,-0.0036841873079538345,-5.551115123125783e-17,-7.979727989493313e-17,-0.015153259038925171,3.8163916471489756e-17,2.0469737016526324e-16,-0.005634923465549946,-0.013385236728936434,2.7755575615628914e-16,0.014335459098219872,0.00348158972337842,0.009897381067276001,0.02621806412935257,0.0013874154537916183,0.01196348574012518,0.0031592610757797956,0.007561009377241135,-0.005862157791852951,0.0022247026208788157,1.6653345369377348e-16,0.02389045339077711,-0.015760842710733414,-0.00034656550269573927,0.012279479764401913,-3.885780586188048e-16,-0.003367442637681961,2.7755575615628914e-16,4.996003610813204e-16,-1.8735013540549517e-16,-5.551115123125783e-17,0.0,-1.3877787807814457e-16,-8.326672684688674e-17,-1.5177358695051208e-16,1.6653345369377348e-16,-0.00302352337166667,-0.004888142109848559
Cdk8,0.008714944124221802,0.0,-0.0004150569438934326,-5.551115123125783e-17,-2.1510571102112408e-16,-0.007581248879432678,1.0000000000000036,-6.678685382510707e-17,0.0006911158561706543,-0.0002328231930732727,-8.673617379884035e-17,0.008245259523391724,-0.0009309127926826477,0.013065218925476074,0.01496201753616333,0.006254523992538452,-0.0028093159198760986,-0.005851252004504204,0.008475899696350098,0.00137309730052948,-0.0010186471045017242,2.5673907444456745e-16,0.004717200994491577,-0.008103609085083008,-0.0019613951444625854,0.0043752193450927734,-2.220446049250313e-16,0.005581460893154144,-3.885780586188048e-16,-5.48172618408671e-16,-9.71445146547012e-17,-1.249000902703301e-16,-4.0245584642661925e-16,-2.8796409701215e-16,3.0531133177191805e-16,-2.8438961797473683e-16,-2.220446049250313e-16,0.01276041567325592,0.006371421739459038
Map2k1,0.00321805477142334,1.3877787807814457e-16,3.24249267578125e-05,0.0,-1.942890293094024e-16,-0.015647411346435547,8.673617379884035e-17,-2.0122792321330962e-16,-0.007224082946777344,-0.005947113037109375,-2.7755575615628914e-17,0.03191375732421875,0.006849765777587891,0.019983291625976562,0.025442123413085938,0.016751766204833984,0.0021715164184570312,-0.0070015788078308105,0.0076198577880859375,0.005808830261230469,-0.008384764194488525,0.9999999999999984,0.011897087097167969,0.00577545166015625,-0.0024987459182739258,-0.005756378173828125,2.636779683484747e-16,-0.0027687549591064453,-1.3530843112619095e-16,3.0531133177191805e-16,4.5102810375396984e-17,5.273559366969494e-16,8.326672684688674e-17,-1.6653345369377348e-16,5.551115123125783e-17,-2.528901567322439e-16,0.0,0.005032062530517578,0.004378974437713623
Ptpn11,0.00690460205078125,1.5265566588595902e-16,0.0034027099609375,0.0,-4.163336342344337e-16,-0.004058837890625,6.938893903907228e-17,-3.3306690738754696e-16,0.00604248046875,0.01285552978515625,-1.942890293094024e-16,0.000823974609375,0.01328277587890625,-0.0045166015625,0.015869140625,-0.0031585693359375,0.011993408203125,0.022212982177734375,0.00982666015625,0.0093841552734375,-0.00146484375,5.551115123125783e-17,0.0040130615234375,-0.00958251953125,0.015066146850585938,-0.0012969970703125,2.3245294578089215e-16,0.0037994384765625,2.498001805406602e-16,4.40619762898109e-16,5.811323644522304e-17,1.0000000000000018,4.163336342344337e-16,5.551115123125783e-17,4.440892098500626e-16,-2.896988204881268e-16,0.0,0.0077972412109375,0.010999679565429688
Cd47,0.060302734375,-2.7755575615628914e-17,0.0185546875,-1.1102230246251565e-16,1.0,-0.01220703125,2.7755575615628914e-17,8.326672684688674e-17,-0.01171875,-0.009521484375,3.0531133177191805e-16,-0.01611328125,0.012939453125,-0.0068359375,-0.0087890625,-0.010009765625,-0.00390625,-0.00152587890625,0.0224609375,-0.001953125,-0.00372314453125,-5.551115123125783e-17,0.009765625,0.0107421875,-0.0010986328125,-0.0078125,6.938893903907228e-18,0.0028076171875,3.885780586188048e-16,-1.1102230246251565e-16,-4.3021142204224816e-16,-3.0531133177191805e-16,2.636779683484747e-16,-5.551115123125783e-17,-3.885780586188048e-16,4.440892098500626e-16,-3.8163916471489756e-17,0.015625,0.0018310546875
Acvr1,0.00634765625,0.9999999999999982,0.00439453125,4.440892098500626e-16,2.7755575615628914e-16,0.0009765625,-2.220446049250313e-16,0.0,-0.0068359375,-0.00244140625,-5.551115123125783e-17,0.0078125,0.0048828125,0.001953125,0.005859375,0.01171875,0.00390625,0.00994873046875,0.0078125,-0.001953125,0.0123291015625,1.1102230246251565e-16,0.01171875,-0.001953125,-0.0042724609375,-0.005859375,-4.163336342344337e-16,0.009765625,-1.1102230246251565e-16,-4.996003610813204e-16,2.220446049250313e-16,4.996003610813204e-16,6.38378239159465e-16,2.220446049250313e-16,-9.43689570931383e-16,5.551115123125783e-17,3.3306690738754696e-16,0.0078125,-0.00384521484375
Bmpr1a,-0.0065155029296875,3.0531133177191805e-16,0.000244140625,0.9999999999999994,-3.3306690738754696e-16,-0.00274658203125,-6.938893903907228e-16,-4.440892098500626e-16,0.0633544921875,0.045654296875,8.326672684688674e-17,-0.0443115234375,-0.006988525390625,-0.03759765625,-0.01025390625,-0.02215576171875,0.0087890625,-0.0064239501953125,0.01806640625,0.00115966796875,-0.00042724609375,-1.6653345369377348e-16,-0.0045166015625,-0.007568359375,0.00244140625,-0.0074462890625,4.787836793695988e-16,-0.0009765625,-1.6653345369377348e-16,-5.551115123125783e-17,1.5265566588595902e-16,-3.608224830031759e-16,-7.077671781985373e-16,-4.996003610813204e-16,6.938893903907228e-16,-2.3592239273284576e-16,0.0,0.01031494140625,0.02196502685546875
Grem1,-0.0022115707397460938,-4.163336342344337e-17,0.00348663330078125,3.3306690738754696e-16,1.3877787807814457e-16,-0.00727081298828125,1.6653345369377348e-16,-4.718447854656915e-16,-0.0107421875,-0.00743865966796875,5.551115123125783e-17,0.02398681640625,-0.001789093017578125,0.0243072509765625,-0.00103759765625,0.013065338134765625,0.004974365234375,0.00028133392333984375,-0.002960205078125,-0.001827239990234375,0.005812644958496094,-4.996003610813204e-16,0.0012054443359375,0.001953125,-0.0023622512817382812,-0.005359649658203125,-1.3877787807814457e-17,0.0034847259521484375,-5.273559366969494e-16,1.6653345369377348e-16,2.7755575615628914e-16,-1.249000902703301e-16,-8.465450562766819e-16,1.6653345369377348e-16,7.077671781985373e-16,-2.1250362580715887e-17,-8.326672684688674e-17,-0.003559112548828125,0.009554862976074219
Nog,-0.004114717245101929,1.1934897514720433e-15,0.007199287414550781,-5.950101522600448e-16,2.3592239273284576e-16,-0.00013971328735351562,3.469446951953614e-16,5.551115123125783e-17,-0.0017232894897460938,0.005751967430114746,2.7755575615628914e-16,0.00922393798828125,0.006934702396392822,0.0009093284606933594,0.020247459411621094,0.0025696754455566406,0.016542911529541016,0.006841406226158142,-0.003977775573730469,-0.00375521183013916,0.01733499765396118,-5.551115123125783e-17,0.0015039443969726562,-0.0004763603210449219,-0.001426607370376587,-0.003143310546875,3.7470027081099033e-16,0.00571751594543457,2.220446049250313e-16,-1.8735013540549517e-16,8.326672684688674e-17,-9.71445146547012e-17,-1.942890293094024e-16,-1.1102230246251565e-16,6.938893903907228e-16,-3.285810208988882e-16,-3.608224830031759e-16,0.0045642852783203125,0.002448931336402893
Chrd,0.012384480331093073,6.661338147750939e-16,-0.002020934596657753,-1.6653345369377348e-16,-3.608224830031759e-16,-0.005897713825106621,2.0816681711721685e-16,-3.3642793412225203e-16,0.042640045285224915,0.028419192880392075,-9.71445146547012e-17,0.001037057489156723,-0.005144726485013962,-0.03183218091726303,-0.01912948489189148,-0.02155311219394207,0.009279705584049225,-0.008136553457006812,0.009599633514881134,0.00034363381564617157,0.005132998339831829,-3.8163916471489756e-16,-0.005831606686115265,-0.002738840878009796,0.0019247960299253464,-0.017343565821647644,-2.0816681711721685e-16,0.006493669003248215,-2.498001805406602e-16,5.551115123125783e-17,3.3306690738754696e-16,2.7755575615628914e-17,-2.220446049250313e-16,-7.771561172376096e-16,-2.0816681711721685e-16,-2.1028207014474765e-16,-1.3877787807814457e-16,-0.004345716908574104,0.03197476360946894
Fst,-0.007668792037293315,-2.0816681711721685e-16,0.016181900165975094,2.7755575615628914e-17,-3.677613769070831e-16,-0.009267562068998814,5.551115123125783e-17,-1.3877787807814457e-16,0.012387687340378761,0.007107591722160578,-1.3877787807814457e-16,0.12286011129617691,-0.014992398209869862,0.1104634441435337,-0.004122670739889145,0.04216541349887848,0.005265913903713226,-0.005361271905712783,0.03167126700282097,0.0016891444101929665,0.008850442594848573,-7.632783294297951e-17,-0.005664417520165443,0.0064289383590221405,-0.0005253279814496636,-0.0283309668302536,-4.440892098500626e-16,0.02704064128920436,-3.469446951953614e-16,-1.3010426069826053e-16,7.91033905045424e-16,-2.7755575615628914e-17,7.494005416219807e-16,1.3877787807814457e-17,-4.718447854656915e-16,7.97702807197394e-17,-1.249000902703301e-16,0.016309215687215328,0.037416827166453004
Wnt5a,-0.0027190023829462007,-1.5092094240998222e-16,0.0014096323866397142,-6.245004513516506e-17,-5.551115123125783e-17,-0.0011782192159444094,-5.551115123125783e-17,-2.7755575615628914e-17,-0.016563621815294027,-0.019834400387480855,-5.689893001203927e-16,0.016604414209723473,0.004648201313102618,0.010726504726335406,0.007484833709895611,0.00871007627574727,-0.00046449375804513693,-0.006259762718400452,-0.007431349717080593,0.014408976072445512,0.0037027290381956846,3.885780586188048e-16,0.0014907027361914515,-0.00957756512798369,-0.0045009495806880295,0.005685731885023415,-3.469446951953614e-16,0.0026473041507415473,-4.440892098500626e-16,-1.6306400674181987e-16,-1.7694179454963432e-16,-1.491862189340054e-16,1.3877787807814457e-16,-6.938893903907228e-17,-7.216449660063518e-16,6.753428959439856e-16,4.718447854656915e-16,-0.004777178924996406,0.0034043680789181963
Clec11a,0.08742698980495334,1.3877787807814457e-16,-0.008251463994383812,1.942890293094024e-16,7.91033905045424e-16,-0.006630154326558113,3.191891195797325e-16,1.0000000000000018,-0.007601384073495865,0.0023793084546923637,2.498001805406602e-16,-0.005699563771486282,-0.005312830209732056,-0.009531475603580475,-0.007210887968540192,0.005167177878320217,0.0026330873370170593,-0.0016649861354380846,-0.0012615546584129333,-0.0014997310936450958,-0.0029314744751900434,-5.551115123125783e-17,0.01225542277097702,0.0014647915959358215,-0.001610159408301115,0.0049015190452337265,0.0,-0.004444638267159462,3.7470027081099033e-16,1.3877787807814457e-17,-2.8796409701215e-16,1.1102230246251565e-16,-5.204170427930421e-17,2.7755575615628914e-16,-1.6523241108679088e-16,1.579106582907247e-16,-2.220446049250313e-16,0.006729142740368843,-0.01195635343901813
Thbs1,-0.004014970734715462,-8.326672684688674e-17,-0.0027805473655462265,-2.7755575615628914e-16,9.367506770274758e-17,-0.0037049688398838043,-3.608224830031759e-16,-1.3183898417423734e-16,0.012158408761024475,-0.011598888784646988,-2.7755575615628914e-16,0.10292334109544754,0.002405356615781784,0.09228423982858658,0.009509526193141937,-0.004016771912574768,0.00219663605093956,0.0023653446696698666,0.00523020327091217,0.0003876499831676483,0.0071191368624567986,-5.551115123125783e-17,0.0044208671897649765,-0.001892000436782837,-0.003219224978238344,0.0004535820335149765,-2.0816681711721685e-17,0.016401533037424088,3.400058012914542e-16,5.551115123125783e-17,3.0531133177191805e-16,0.0,0.0,-3.885780586188048e-16,6.661338147750939e-16,-3.9574798075907563e-16,-7.997075224253081e-16,-0.002211153507232666,0.00012928596697747707
Col14a1,0.002533115777623607,-1.6653345369377348e-16,0.00026132068887818605,1.6653345369377348e-16,-4.85722573273506e-17,-0.008204019235563464,-3.191891195797325e-16,4.163336342344337e-17,0.09581721648282837,0.11260697305260692,0.9999999999999996,-0.0016888268000911921,0.005581873352639377,0.01760834691231139,0.055547562980791554,-0.018892257743573282,0.0021687206317437813,0.07211219848613837,0.009985601296648383,-0.005585799226537347,0.0010297128228557995,-2.636779683484747e-16,0.012347193216555752,-0.01043590740300715,0.08134717028769956,0.00813695797114633,4.163336342344337e-17,0.017636698234127834,-4.371503159461554e-16,-4.787836793695988e-16,2.185751579730777e-16,-5.551115123125783e-17,3.0531133177191805e-16,-3.0531133177191805e-16,-3.608224830031759e-16,5.553389704374181e-17,6.245004513516506e-17,-0.0013216882653068751,-0.0017059773126675282
Pdzrn4,0.0015743158292025328,-6.591949208711867e-17,0.009448006749153137,-4.996003610813204e-16,-6.245004513516506e-17,0.002131728921085596,-1.942890293094024e-16,-2.3592239273284576e-16,-0.01454999577254057,-0.01495735952630639,-3.9898639947466563e-17,0.02378996182233095,-0.0015874938108026981,0.0405911710113287,0.034426597878336906,0.013412049505859613,0.0008083716966211796,0.024417036504019052,0.011826634407043457,0.0034131286665797234,0.0025845523923635483,-1.6653345369377348e-16,-0.0051644472405314445,0.008423488587141037,0.010500701959244907,-0.013416167814284563,8.326672684688674e-17,-0.0033401972614228725,1.0000000000000004,4.163336342344337e-16,1.3877787807814457e-16,0.0,-6.175615574477433e-16,6.938893903907228e-18,5.412337245047638e-16,-5.013517075788871e-16,5.551115123125783e-17,0.002465756144374609,0.008299349807202816
Ctnnb1,-0.0034703020937740803,-2.498001805406602e-16,0.016400499269366264,-1.3877787807814457e-16,-1.3877787807814457e-17,-0.012867849320173264,0.0,-8.326672684688674e-17,0.010359976440668106,0.005200272426009178,-8.326672684688674e-17,0.022498808801174164,0.004282686859369278,0.00722164660692215,0.01121610403060913,0.0007577985525131226,0.011774841696023941,0.004966961219906807,-0.0032792091369628906,0.001626601442694664,0.013386202976107597,-4.163336342344337e-16,0.008581358939409256,0.0009240657091140747,-0.0015136334113776684,-0.0014964491128921509,2.0122792321330962e-16,0.012592703104019165,1.734723475976807e-17,-1.1796119636642288e-16,6.938893903907228e-18,-9.71445146547012e-17,-5.273559366969494e-16,1.5959455978986625e-16,1.214306433183765e-17,1.9610464443184199e-16,3.3306690738754696e-16,0.010547788813710213,0.005399232963100076
Lef1,-0.0006297612562775612,-8.98586760555986e-16,0.0042892638593912125,6.123573870198129e-16,-8.326672684688674e-17,0.014433466829359531,-4.163336342344337e-16,-5.551115123125783e-17,-0.00283096544444561,-0.00049540214240551,1.8041124150158794e-16,-0.002179911360144615,-0.0006721937097609043,0.009025625884532928,0.008755151182413101,-0.0005386024713516235,-0.005053572356700897,-0.0005953294457867742,0.006301563233137131,-0.0013833818957209587,0.009065029211342335,2.7755575615628914e-17,-0.005852760747075081,-0.00594763457775116,-0.00038650911301374435,-0.003173191100358963,-9.71445146547012e-17,0.004400536417961121,5.828670879282072e-16,-1.3877787807814457e-16,4.85722573273506e-17,-7.494005416219807e-16,-2.636779683484747e-16,1.0408340855860843e-17,-2.3592239273284576e-16,4.1955394762077615e-16,4.163336342344337e-16,-0.004053942859172821,0.0003500493476167321
Axin2,-0.002956288051791489,9.71445146547012e-17,0.007440755609422922,1.942890293094024e-16,-1.8041124150158794e-16,-0.005143334623426199,-4.996003610813204e-16,-2.1510571102112408e-16,-0.001198221929371357,-0.007996812229976058,5.273559366969494e-16,0.05937505792826414,-0.007171048782765865,0.059435985051095486,0.018153010867536068,0.029401552630588412,0.01188996434211731,0.004370767041109502,0.023155564442276955,0.005527064902707934,0.001460326777305454,3.0531133177191805e-16,-0.0004746480844914913,-0.0032803816720843315,0.005196934042032808,-0.001999845262616873,3.608224830031759e-16,0.022369124460965395,2.0816681711721685e-17,-1.6447346956605102e-16,3.7470027081099033e-16,-3.469446951953614e-18,9.8879238130678e-17,-4.579669976578771e-16,-2.7755575615628914e-17,-2.2033222194303833e-16,-1.6653345369377348e-16,0.001978846499696374,0.01023160744807683
Postn,0.0022239461541175842,5.273559366969494e-16,-0.007034817710518837,-2.220446049250313e-16,1.5265566588595902e-16,-0.013451717793941498,-3.3306690738754696e-16,-8.326672684688674e-17,0.01105918362736702,0.006978932768106461,-3.469446951953614e-16,-0.0015280991792678833,0.0021822070702910423,-0.004185900092124939,0.0029855072498321533,0.004707725718617439,-0.0010711029171943665,0.006283279042690992,-0.0005395561456680298,0.009312419220805168,-0.0022508506663143635,2.7755575615628914e-17,0.007930707186460495,0.0013256371021270752,-0.002177753485739231,0.006420135498046875,4.718447854656915e-16,-0.008506201207637787,8.326672684688674e-17,1.0000000000000007,-1.5612511283791264e-16,0.0,9.71445146547012e-17,-1.6653345369377348e-16,-4.0245584642661925e-16,2.300029029809591e-16,7.28583859910259e-17,0.012536497786641121,-0.0021477011032402515
Pdgfra,-0.002699668984860182,8.326672684688674e-17,0.006988476030528545,-2.7755575615628914e-16,4.163336342344337e-17,0.001049477607011795,-4.163336342344337e-16,-4.163336342344337e-16,-0.0007315110415220261,-0.015201147645711899,-1.3877787807814457e-16,0.05384331755340099,0.0005018995143473148,0.047765716910362244,0.012534275650978088,0.025275778025388718,0.017345981672406197,-0.0012190195266157389,0.012961961328983307,0.0020270664244890213,-0.001551931956782937,-6.938893903907228e-17,0.005973082035779953,-0.00792120024561882,-0.001544013386592269,-0.0020979661494493484,1.0,0.0015589194372296333,-2.7755575615628914e-16,4.996003610813204e-16,1.8735013540549517e-16,2.7755575615628914e-17,0.0,-3.469446951953614e-18,-1.6653345369377348e-16,3.243987957218201e-17,7.762887554996212e-17,0.016057615168392658,0.003469701507128775
