gene,KO,OE,out_influence,rescue_inhibitor,rescue_agonist,best_rescue,best_modality,drug_modality_lit,druggability,evidence,composite
Runx2,-0.1331981293663584,0.14072432165524162,1.0822888366682915,0.0,0.14072432165524162,0.14072432165524162,agonist,agonist,medium,master hypertrophic/osteogenic TF,0.7976618859772772
Prrx1,0.08820715203096952,-0.08571291574012152,1.3979823634212911,0.08820715203096952,0.0,0.08820715203096952,inhibitor,,,,0.45988024065492
Pdgfra,0.07890166697983486,-0.07724726553934735,1.240319727803583,0.07890166697983486,0.0,0.07890166697983486,inhibitor,,,,0.41006978303453434
Postn,0.0681109178578071,-0.06719248241329451,1.1168398787267546,0.0681109178578071,0.0,0.0681109178578071,inhibitor,,,,0.3598577195322687
Sp7,0.04416637399852158,-0.043407724004602743,1.2523402899513252,0.04416637399852158,0.0,0.04416637399852158,inhibitor,agonist,low,osteogenic TF; undruggable,0.4055242539721405
Sox5,-0.035168673458902844,0.03391243527821408,1.5723870164297935,0.0,0.03391243527821408,0.03391243527821408,agonist,,,,0.30844319993412644
Col14a1,-0.02104853588341743,0.021030155706464992,1.5425551381813445,0.0,0.021030155706464992,0.021030155706464992,agonist,inhibitor/marker,low,ischemic fibroblastic intermediate,0.36845453035800774
Fst,0.014358799451264503,-0.014304650705506627,0.5217719458742107,0.014358799451264503,0.0,0.014358799451264503,inhibitor,,,,0.11228258829901212
Twist1,0.01392711313520395,-0.013823988771431261,0.3874104310272527,0.01392711313520395,0.0,0.01392711313520395,inhibitor,,,,0.09381203425331411
Bmpr1a,-0.013058595114328997,0.013149667851953428,1.3299179077148484,0.0,0.013149667851953428,0.013149667851953428,agonist,,,,0.2112083435944976
Axin2,0.011159977631571893,-0.011110344106274206,0.2902071426797231,0.011159977631571893,0.0,0.011159977631571893,inhibitor,,,,0.0725996636624471
Thbs1,0.00842105486855238,-0.008408092870493988,0.2914236381184352,0.00842105486855238,0.0,0.00842105486855238,inhibitor,,,,0.06399602912441074
Sox6,-0.009305184462734817,0.008076578722839456,1.0928811665760438,0.0,0.008076578722839456,0.008076578722839456,agonist,,,,0.16483599272981458
Msx1,0.007829934434007368,-0.007808087744606618,0.1893483400526669,0.007829934434007368,0.0,0.007829934434007368,inhibitor,,,,0.04912229612327325
Map2k1,0.007742166848061671,-0.007708534535513789,1.202103793621064,0.007742166848061671,0.0,0.007742166848061671,inhibitor,inhibitor(MEK),high,MEK-SHP2 prevents NF1 pseudarthrosis (PMC12093263),0.5276592182694093
Chrd,-0.00747663196933307,0.007501381934843843,0.27320441254415084,0.0,0.007501381934843843,0.007501381934843843,agonist,,,,0.05873775576071533
Pdzrn4,0.007037685692647178,-0.007012427619211781,1.2511285133077803,0.007037685692647178,0.0,0.007037685692647178,inhibitor,inhibitor/marker,low,ischemic intermediate marker,0.2866421761709484
Wnt5a,0.0067403106635284815,-0.006714339369405686,0.15423001821182433,0.0067403106635284815,0.0,0.0067403106635284815,inhibitor,,,,0.04117108086667477
Acvr1,0.006491005336598854,-0.006467798267387692,1.1343994140625027,0.006491005336598854,0.0,0.006491005336598854,inhibitor,context,medium,BMP receptor; Activin pathological in FOP,0.3750466586355682
Nog,0.00619996593200961,-0.0061781020042208645,0.12654733657837458,0.00619996593200961,0.0,0.00619996593200961,inhibitor,,,,0.03592209532173651
Ctnnb1,0.005264144118930059,-0.0052518965663098105,0.17036499292589985,0.005264144118930059,0.0,0.005264144118930059,inhibitor,,,,0.03850297241841935
Inhbb,0.0050626400627719614,-0.005047538730391932,0.18828711775131818,0.0050626400627719614,0.0,0.0050626400627719614,inhibitor,,,,0.04013822187163137
Msx2,0.005003568876620401,-0.005000396839370924,0.19524022280280762,0.005003568876620401,0.0,0.005003568876620401,inhibitor,,,,0.04083372871975456
Grem1,0.004893964154138286,-0.004879953664057801,0.13867092132568826,0.004893964154138286,0.0,0.004893964154138286,inhibitor,,,,0.033287900459833625
Dlx5,0.003471885523977758,-0.003465048785808056,0.12210012348932922,0.003471885523977758,0.0,0.003471885523977758,inhibitor,agonist,low,BMP downstream osteogenic TF,0.13163273558509708
Bmp2,0.0034711041064843795,-0.0034642790903965937,0.14941635090572009,0.0034711041064843795,0.0,0.0034711041064843795,inhibitor,agonist/recombinant,high,off-label rhBMP2 in NF1 pseudarthrosis (PMID38990653),0.3801047284135217
Cdk8,0.0032468000366562277,-0.003242576820506826,1.1244920566678114,0.0032468000366562277,0.0,0.0032468000366562277,inhibitor,inhibitor,high,CDK8 inhibitor rescues ischemic fracture (PMC12136223),0.5034123610719826
Bmp7,-0.0031809375381371408,0.003176661824170146,0.16339060899827434,0.0,0.003176661824170146,0.003176661824170146,agonist,,,,0.030940635953496717
Bmp4,-0.0025754916743158107,0.0025397073941739734,0.28550743515231525,0.0,0.0025397073941739734,0.0025397073941739734,agonist,,,,0.04443648819194557
Mkx,0.0023420984118994737,-0.0024192112632321905,0.3919196534882977,0.0023420984118994737,0.0,0.0023420984118994737,inhibitor,,,,0.05733970365902094
Cd47,0.002016040831164967,-0.002014428231544352,1.2502441406250027,0.002016040831164967,0.0,0.002016040831164967,inhibitor,agonist(avoid blockade),medium,CD47 blockade lowers MSC proliferation (PMC11873311),0.3754717663205296
Ptpn11,0.001815696183949389,-0.0018213844382608535,1.1783523559570364,0.001815696183949389,0.0,0.001815696183949389,inhibitor,inhibitor(SHP2),medium,MEK-SHP2 combination (PMID38924432),0.36568682971876604
Sox9,-0.003226031962048681,0.0017666367691568374,1.205353267202939,0.0,0.0017666367691568374,0.0017666367691568374,agonist,agonist,medium,master chondrogenic TF; hard to drug,0.3689643353068659
Lef1,0.0017019375216791865,-0.001700421964548282,0.09041384444572555,0.0017019375216791865,0.0,0.0017019375216791865,inhibitor,,,,0.016942558523785595
Inhba,0.001340676249844741,-0.0013400072678982355,0.10745934212174058,0.001340676249844741,0.0,0.001340676249844741,inhibitor,agonist/recombinant,medium,Activin A pro-healing PPC (PMID38079220); context dependent,0.2279554429856672
Clec11a,-0.0012283155762732867,0.0012246392445597887,1.198564097052445,0.0,0.0012246392445597887,0.0012246392445597887,agonist,agonist,low,Clec11a-Itga11-Wnt in NF1 (PMC NIHMS1854411),0.26136761785033824
Scx,0.0005427558530173293,-0.0005514937021929289,0.17065373406366252,0.0005427558530173293,0.0,0.0005427558530173293,inhibitor,,,,0.02344191991666533
