gene,KO_dChondro,KO_dFibrous,OE_dChondro,OE_dFibrous,out_influence,growth_sens,rescue_KO,rescue_OE,best_rescue,best_modality,drug_modality_lit,druggability,evidence,composite
Sox9,0.05500000000000002,0.01999999999999999,-0.0325,-0.020000000000000018,0.02624700353465141,-8.19976135695341e-05,0.05500000000000002,0.0,0.05500000000000002,inhibitor(KO),agonist,medium,master chondrogenic TF; hard to drug directly,0.8199999900000002
Sox5,-0.022499999999999992,-0.015000000000000013,0.04500000000000001,0.035,0.09881895112979033,-0.0027243366818455353,0.0,0.04500000000000001,0.04500000000000001,agonist(OE),,,,0.44999999181818195
Cdk8,0.04000000000000001,0.027499999999999997,-0.03749999999999998,-0.027499999999999997,0.01661285023295965,0.00056708967286889,0.04000000000000001,0.0,0.04000000000000001,inhibitor(KO),inhibitor,high,CDK8 inhibitor rescues ischemic fracture (PMC12136223),0.8499999927272728
Pdzrn4,0.037500000000000006,0.0,-0.024999999999999994,-0.010000000000000009,0.03108926393144446,0.00035587060537752414,0.037500000000000006,0.0,0.037500000000000006,inhibitor(KO),inhibitor/marker,low,ischemic intermediate marker,0.5099999931818182
Nog,0.035,0.027499999999999997,-0.01999999999999999,-0.037500000000000006,0.012046243068998916,0.00021204903736986162,0.035,0.0,0.035,inhibitor(KO),,,,0.3499999936363637
Bmp2,0.03,0.022499999999999992,-0.022499999999999992,-0.020000000000000018,0.011207382954986519,0.0002550297451749632,0.03,0.0,0.03,inhibitor(KO),agonist/recombinant,high,off-label rhBMP2 in NF1 pseudarthrosis (PMID38990653),0.7499999945454545
Acvr1,0.03,0.014999999999999986,-0.01999999999999999,-0.024999999999999994,0.016050091035114858,0.00039641839846106454,0.03,0.0,0.03,inhibitor(KO),context,medium,BMP receptor; Activin response pathological in FOP,0.5699999945454546
Sp7,0.03,0.024999999999999994,-0.022499999999999992,-0.027499999999999997,0.012473298783991366,0.0010378693735449951,0.03,0.0,0.03,inhibitor(KO),agonist,low,osteogenic TF; undruggable,0.43499999454545457
Ptpn11,0.027500000000000024,0.017499999999999988,-0.022499999999999992,-0.024999999999999994,0.019697033508800435,0.0006139612277284749,0.027500000000000024,0.0,0.027500000000000024,inhibitor(KO),inhibitor(SHP2),medium,MEK-SHP2 combination (PMID38924432),0.5449999950000002
Dcn,0.027500000000000024,0.017499999999999988,-0.022499999999999992,-0.03,0.01404637488178162,0.0003294774585289226,0.027500000000000024,0.0,0.027500000000000024,inhibitor(KO),,,,0.2749999950000002
Wnt5a,0.02250000000000002,0.012499999999999983,-0.014999999999999986,-0.017500000000000016,0.01103535211030101,0.00016685496429914032,0.02250000000000002,0.0,0.02250000000000002,inhibitor(KO),,,,0.22499999590909112
Dlx5,0.017500000000000016,0.007500000000000007,-0.012499999999999983,-0.024999999999999994,0.03414426274256269,-1.616325549113392e-05,0.017500000000000016,0.0,0.017500000000000016,inhibitor(KO),agonist,low,BMP downstream osteogenic TF,0.30999999681818197
Cd47,0.012500000000000011,0.009999999999999981,-0.007499999999999979,-0.010000000000000009,0.016410013712848868,-0.00023795573853801507,0.012500000000000011,0.0,0.012500000000000011,inhibitor(KO),agonist(avoid blockade),medium,CD47 blockade reduces MSC proliferation (PMC11873311),0.3949999977272729
Clec11a,0.010000000000000009,0.009999999999999981,-0.004999999999999977,-0.015000000000000013,0.014081779165601528,-0.00029502534007076503,0.010000000000000009,0.0,0.010000000000000009,inhibitor(KO),agonist,low,Clec11a-Itga11-Wnt axis in NF1 (PMC NIHMS1854411),0.23499999818181827
Bmp4,0.010000000000000009,-0.0050000000000000044,-0.009999999999999981,0.007500000000000007,0.04953576956780371,-0.0015639139113495953,0.010000000000000009,0.0,0.010000000000000009,inhibitor(KO),,,,0.09999999818181828
Acan,0.007500000000000007,0.012499999999999983,-0.009999999999999981,-0.007500000000000007,0.006252776441722989,-3.3583216143381845e-05,0.007500000000000007,0.0,0.007500000000000007,inhibitor(KO),,,,0.07499999863636371
Runx2,0.0,0.007500000000000007,-0.0025000000000000022,0.0,0.009776613904729309,-0.0002480254376735075,0.0,0.0,0.0,inhibitor(KO),agonist,medium,master osteogenic/hypertrophic TF,0.27
Col14a1,0.0,-0.012500000000000011,-0.004999999999999977,0.014999999999999986,0.08618362027233997,-0.0027153281628079784,0.0,0.0,0.0,inhibitor(KO),inhibitor/marker,low,ischemic fibroblastic intermediate marker,0.135
Inhba,-0.004999999999999977,0.0050000000000000044,-0.0025000000000000022,0.007500000000000007,0.009523712228166215,-0.00036503920416282613,0.0,0.0,0.0,inhibitor(KO),agonist/recombinant,medium,Activin A pro-healing PPC (PMID38079220); context dependent,0.27
Col1a1,-0.004999999999999977,0.0,-0.007499999999999979,0.014999999999999986,0.016334086977984427,-0.0002148141825043792,0.0,0.0,0.0,inhibitor(KO),,,,0.0
Map2k1,-0.0025000000000000022,0.0025000000000000022,0.0,-0.0025000000000000022,0.0017128948307052094,6.643929216509247e-05,0.0,0.0,0.0,inhibitor(KO),inhibitor(MEK),high,MEK-SHP2 inhibition prevents NF1 pseudarthrosis (PMC12093263),0.45
Col10a1,0.0,0.0,0.0,0.0050000000000000044,0.018328299793794828,-0.00055629922663027,0.0,0.0,0.0,inhibitor(KO),,,,0.0
Col2a1,0.0,-0.012500000000000011,-0.0025000000000000022,0.009999999999999981,0.0226607669053726,-0.00026561616342436983,0.0,0.0,0.0,inhibitor(KO),,,,0.0
Prrx1,0.0,0.0,-0.0025000000000000022,-0.0025000000000000022,0.014441778624138837,6.814297907356129e-05,0.0,0.0,0.0,inhibitor(KO),,,,0.0
Grem1,-0.007499999999999979,0.0050000000000000044,-0.0025000000000000022,0.0025000000000000022,0.011940846756183152,-0.00010927583233558111,0.0,0.0,0.0,inhibitor(KO),,,,0.0
